Index	H814_chip	H814_chip_2	H815_chip	H817_chip	H821_chip	H823_chip	H827_chip	H831_chip	H831_chip_2	H835_chip	H835_chip_2	H838_chip	H840_chip	H841_chip	H800_swab_1	H800_swab_2	H801_swab_1	H802_swab_1	H802_swab_2	H803_swab_1	H803_swab_2	H804_swab_1	H804_swab_4	H805_swab_1	H805_swab_2	H806_swab_1	H806_swab_2	H807_swab_1	H807_swab_2	H809_swab_1	H809_swab_2	H810_swab_1	H813_swab_3	H813_swab_4	H817_swab_1	H817_swab_2	H818_swab_1	H818_swab_2	H819_swab_1	H819_swab_2	H820_swab_1	H820_swab_2	H821_swab_1	H821_swab_2	H822_swab_1	H822_swab_2	H823_swab_1	H825_swab_1	H825_swab_2	H827_swab_1	H827_swab_2	H831_swab_1	H831_swab_2	H833_swab_1	H834_swab_1	H834_swab_2	H837_swab_1	H837_swab_2	H840_swab_1	H840_swab_2	H841_swab_1	H841_swab_2
Amino Acids and Derivatives	105171.446236685	110280.537916267	109071.132387461	120413.798667865	103403.324995013	108274.814575639	111311.700838752	108814.652028013	103646.512218676	109282.498994358	110121.510779509	106677.007516394	109569.400452988	111910.019707314	101223.204589812	103229.92001243	98829.8748686916	117071.018532648	108763.878176019	115877.698042532	87056.5504453765	107584.812631448	106261.676496939	96423.6333164357	102200.688137776	105647.17556564	104959.79785802	98805.1933007718	97310.6883804684	121009.034823458	107403.491221926	116441.303017967	112353.522056321	105731.435232575	115593.389612695	109431.898942213	107053.228141642	122080.389962347	113051.986481605	109532.380586346	105476.859629683	116475.854522724	111565.255136252	109617.389050414	107531.660061208	107826.648450202	106724.75670552	101417.392477023	109459.48777704	95952.1331884325	109178.577315652	99262.0557419747	96538.96890241	99662.777715132	97840.132969055	95459.7221492625	119348.88568103	121948.733606921	102529.912984972	100939.817859318	107783.899361527	101132.025898842
Carbohydrates	76217.3315252848	75642.6078787824	71575.800032469	57424.0453664556	67259.3905784279	73620.1270922114	49699.7550121448	70415.5420192587	63370.0899546672	71613.8676939344	72415.2680025762	60693.1220875803	70859.5555523033	53860.009199571	65176.5341033983	70062.1492036463	64110.8135441872	68300.4204805489	66015.4196342635	48965.8800267006	66141.7232667371	64831.558007715	78142.6328664052	68972.1840218233	64161.0740462926	52434.9360364768	72404.3261765161	60188.4479031211	51565.8627474041	67381.2424678807	86294.2468760986	71230.991197376	71918.0460028948	69083.5728910028	72303.4192499115	71619.1654929757	85178.6302805442	51131.1451450323	75989.9046915463	85883.9364404164	64280.2242829036	70645.0572924927	75545.9474956808	80290.6463719796	68705.3072312444	69982.6941598077	73921.9723637395	72592.2396761409	72432.3090594696	66602.4020543925	61185.5155303703	80717.7313331534	82801.5704078249	54111.9373629396	61344.662972106	56844.8787846164	44535.0410994267	44908.3000494892	72324.5714992687	71058.834538515	60933.8516773265	66761.1132095009
Cell Cycle, Cell Division and Death	43041.9828560649	42564.8575215785	41123.8992147077	40251.4743681727	39264.9431718936	41197.3657839035	34657.648896502	36766.851473592	38366.9935808218	42991.4114065716	41485.1355704908	41720.9532343562	38096.7399730422	38349.1723473369	44570.8019366624	42716.3036506033	46255.3330464303	29430.9174544984	34550.806988481	26947.1353523733	42662.6486500076	36928.7193340981	42947.4195752467	43979.0098842417	40770.6804375497	42172.8053764434	42107.5819837537	44150.3141221991	46373.5032630594	29454.2276580225	38849.4667417697	34096.1706382644	35426.9921497944	35422.9049272527	34796.7063247389	36043.0197025124	41818.7167642551	23724.3531824661	32892.2562611906	34678.5126179394	37966.5627783013	29886.4212150223	32034.6569917688	37300.7564648945	30541.301381449	32216.5199806293	37687.1657815065	39040.9100880194	32555.775820984	42739.8265854151	31731.6554074365	42616.8670888155	45554.8896966452	44026.0464517218	39329.3420624052	42227.8299694305	21280.5836535796	21811.1142517997	32891.6105285743	37093.3607735687	39092.7760216368	38245.1331878746
Cell Envelope, Capsule and Slime layer	25097.6945592868	24382.4516807589	28015.5384087668	27862.273141051	21288.8376005313	25775.6398319941	22057.2240730998	19518.255763058	31156.2155998644	24877.5854622942	24265.8464591893	23078.9678202341	21091.4477795169	23481.5346846705	24991.9141566741	29389.4733348924	23359.1566649938	22148.1621802327	25524.0021195343	22080.6939148894	24640.0484664569	28740.0222760736	25961.6575240339	26991.6421568018	32826.2777222481	29278.9791040605	31573.6713196251	25161.6215129511	21536.2175263838	14449.4745364713	39401.6716986773	29390.7323707698	27653.6801460888	26632.1581417635	20733.2943261398	29043.3132054131	18871.1024356215	22252.4510751376	18871.9625169036	28660.5991293421	19239.8384600652	18958.1682408377	25736.5104259603	24543.8243260228	24333.7754335712	26810.9951116095	31330.4063402557	24013.9202449756	21444.7955445501	16444.0865790422	20488.0287758212	20453.1947327679	20026.3757328011	29491.3396181652	24110.8368909914	21637.5539619083	25554.4275520778	23816.133665676	45423.4273057635	37252.9032736161	34937.7163493596	29781.2152996411
Clustering-based subsystems	1482.90298005583	1356.26228852677	1249.68662905818	907.948587724034	1166.7358688679	1218.50371810926	967.171138349438	933.533338196672	1134.17769882479	1258.10175119098	1287.43967585598	1101.52424819318	1113.31898910875	1326.81289558545	1523.14191238957	1274.15950280619	1418.72412203539	691.802182406533	995.381294867874	893.207885707313	1192.30200697468	1066.99672724715	1247.60231274634	1217.7458135961	1104.53304043633	1280.51608871437	1103.29097117131	1252.30399327412	1055.9883304893	323.787662132516	973.580872145232	2309.40084210476	834.977417834894	887.127457945401	872.163703249065	974.127701591374	791.222147089348	681.587372388166	790.374293987716	2581.54423148173	751.15829530788	524.07744361011	2083.54129605329	1236.32060307571	802.805181703774	1056.11963771617	1470.56518212827	1229.2652932143	898.989925346271	516.951962159526	518.513476901222	753.956086241747	813.657438284929	1062.46470455978	1135.80550789695	1067.53518679397	800.079743861562	748.326142550043	689.949704624085	1138.48791519025	1199.06110086581	1196.23278599406
Cofactors, Vitamins, Prosthetic Groups	98374.834498174	92503.1295766501	99348.5719190687	117053.881659439	126056.824667577	99085.9363305555	130114.113438375	124156.742413189	81453.553190269	102554.748863163	102131.837521684	117424.984394377	124218.488454626	126895.556258188	86535.3536094966	89199.7353173867	86397.1473039637	90393.8977503634	92115.293049713	133769.29122818	83412.8232636894	85265.8440848952	90597.5089658774	84214.5423609697	77735.6693123995	85290.5233349366	82537.6641121426	86334.3773626965	84892.3492240069	91087.9675833689	69783.9517518122	81995.0130194002	89131.8307677103	84639.7312270557	96707.0193583522	87533.533474179	81425.1645812557	131183.711283737	88441.9419855275	84084.9269390723	86672.0694019083	89887.8130724017	85476.7740577089	81188.9319597476	97339.5764850993	99405.2860347589	88288.4341767401	111918.294948372	107548.890992382	83997.9752978068	87240.651198572	85763.259690428	87040.8209019632	78831.3915413889	104818.347572478	109284.944267079	153560.222134111	151268.216484716	67926.7526514742	75808.3450862349	81988.1624400477	81013.2215916381
DNA Processing	85115.7288451087	84604.5930039701	81210.8569343631	79591.5847740457	82078.6140412652	83580.0172825456	96604.0021855768	90385.176539247	64309.219474271	88541.22892565	89111.0296238802	90006.5585921576	83697.706997925	88198.9895553509	63977.4497194888	64597.6096809905	65937.5357386772	49966.0894027226	64421.4189562539	94806.4445924995	76575.0596210442	60038.2493037526	69597.3527503459	75257.0938659493	69310.2014636774	77742.5513198601	69462.2106533189	86957.6685322302	92902.3366902225	45183.641270299	56738.2219323079	58282.798557326	57583.7205078924	58000.157516153	63033.9991703698	61868.2601851046	62866.6508194857	87579.3817353775	50372.5276268536	56099.5738615303	64314.8873900397	44837.4538739308	54300.1411664099	61805.0046512985	61810.5984298629	65083.5323054016	63859.793165764	77975.2716469881	65755.9383773547	63126.4559385354	51964.9691300999	71709.8664122228	78457.546781377	76430.6468623696	74924.8449818683	78165.9199596272	102326.486659878	97522.1389162593	59257.0844337576	60602.200610468	65992.689296611	63888.836004159
Energy and Precursor Metabolites Generation	96582.2255302546	89028.1822807198	97344.0010512058	91163.9559357184	104533.652876675	95847.5636978166	101942.965186453	92158.0919900786	76979.1315978006	93822.3847217345	93218.5730894861	105134.696752803	105883.194344866	99044.2676661769	78403.6821159422	81004.3095265455	76033.6702997824	98228.9932972401	90118.284930284	88199.2705537747	68303.8752463089	89738.5383133268	81132.6345436485	70901.8456941203	71185.2950521372	69820.4594166238	72353.1269079101	77568.923489656	75701.1405146827	97388.4372796016	66406.4759297865	88312.9773213457	89891.6036515522	86358.8438038665	90999.1892503182	91193.2079479722	77060.6561857893	91466.9573470654	93586.4279753095	96353.0289429032	91611.4409691258	98326.4604094702	92714.0856112184	81321.4877861305	91954.4654589996	92415.7042016335	90335.1749177103	100323.521421612	100843.709367076	71520.4072336697	88672.5404139772	70535.1954351111	68312.1829610142	62630.2999073972	107835.391684965	111686.19876322	94042.3518645834	93533.9083332525	73748.2333269933	73269.6888723592	74747.243365484	74379.5071184457
Fatty Acids, Lipids, and Isoprenoids	55902.321231026	53792.195510808	62084.2128432999	59952.654406175	65668.1306461132	51210.5272423159	58962.6675875752	62102.8778815289	41786.2328496271	50262.3305813006	50956.5110096484	60616.6295965956	61672.9536191089	52377.4702157524	44369.5798131991	47462.4833919133	40295.456345814	61714.1931951514	54439.2710988666	60035.1769507137	47134.020091442	54933.2607184329	45125.6564653325	45745.8804361912	46401.570348909	48059.8919663783	43884.7194295844	55491.2816188005	60669.2058242072	53118.3250563463	40017.7721575938	52794.1789602438	55609.6850389808	49658.8359592215	59853.0162018282	56558.8635004475	52387.505601265	57599.6887388923	51986.6373486351	51864.008703366	59889.3411803285	56316.452029745	51391.0656551717	46840.5675695378	56485.4839502901	53370.5783411474	53229.8734305412	61008.4355792615	62160.6037793199	47611.0726483167	49035.8940597483	50293.3672226387	51155.3793571791	45976.5865558875	72540.3265434189	78404.3823649891	56997.0016523426	57335.884091124	33965.7948724836	38988.4168113011	42699.4652779962	39895.8413606202
Iron acquisition and metabolism	5569.67066416806	5517.11870663577	2278.56520473999	5774.01196848711	3852.07902338317	4802.06804486023	3923.37736267975	3159.65129851181	7581.44131015903	5109.97897832758	5026.44116267746	5462.81442849151	4159.29375282485	5094.61120541234	7952.30953570638	2933.32845950017	7004.27823818317	3221.60696703555	4747.33446491028	2734.17989985204	6639.67470697724	6596.84345812457	4074.8418019135	6695.91187439169	5632.77016218767	6037.19679600805	12457.0264547688	7045.25819650175	8441.57038044394	3204.91732199877	20260.7539997874	2691.80856711563	5391.83144152013	4264.71746442301	8666.24324121582	3379.53047698842	13680.6621957121	2664.30866678155	2883.9989912279	2261.99377945567	5568.84538852306	2689.33041524883	3051.45194194448	6667.24194522882	2327.64193221103	3185.32542313426	4266.68690530721	3686.50372972009	3168.22044240162	8877.23759602169	5564.85984203196	11057.1496072392	12615.2355960274	6422.50693585184	2654.4297245088	2610.939365351	1115.08653310164	1471.91987721155	15053.88203056	12117.3929121861	8790.4928859635	7054.63656873802
Membrane Transport	43778.0564559994	51514.723471876	41423.9399430847	35679.5051724165	37647.4861740711	44793.7886926044	28173.184261609	35721.6132915085	118093.939931145	41737.743289174	42786.9774609764	35029.3230247624	35738.1751144926	36414.1098859152	92595.226065162	83102.5033853983	92830.8548652607	36458.1592666323	48093.1402813607	39297.1886317439	134076.792612322	58957.4059769378	74638.6402556781	107008.800945741	112423.707385203	91975.2808532611	92889.4794163662	68314.545036191	67751.8727943292	24085.944326488	107517.561305972	109515.503609571	55806.3854095085	51589.154518938	48112.2966457116	55152.1335534271	62807.7582427746	28040.2976973065	38292.4370068958	93869.7646692859	49067.3156235363	33001.2348446426	66422.4955143726	92175.7418238033	44071.1633106648	52839.1851634149	66093.162987161	51181.7892438146	38384.804864139	63448.2296804342	62689.2416236246	72100.7096060923	78534.7882264284	97999.6449523819	41394.7480007604	39535.7102886404	23457.505572078	26977.8645671657	113514.802484505	116985.889188016	112117.529467661	137939.6182496
Metabolite damage and its repair or mitigation	4933.71202869996	4558.4377078105	3390.90553568072	4145.62223880924	5980.45693743042	5407.49294500119	5396.22410996258	8066.6855121097	6852.39663787649	5164.55189203435	4673.43901421222	5502.23638637256	6702.36151781685	5760.2071134288	5048.54215645118	6078.27215435168	5329.95530180989	5741.91559386467	5387.98919047966	6883.03587302087	5744.17016149619	4809.1160628847	5482.67444647662	5467.98747869023	6396.56153823607	6910.1465317085	6226.85254119338	4836.44288043561	4255.55126742187	8989.83616001817	7323.35388893305	6534.12396756884	5514.16824082628	5384.02319218307	5964.2572001434	5195.74073332912	5381.65974803956	7569.69844315377	7507.64731668332	6429.82262199567	6511.31270976761	7386.92704967697	6660.99862890242	6272.3050006805	5613.2964825418	5498.97359130086	4611.15641186709	5966.01771226216	6160.55155158332	6099.54718219013	5072.06848265011	5032.35646406412	4779.10987586868	6880.2320504945	7123.39812725102	8279.88496764468	6704.2069936185	6618.17372195176	6530.02579446254	7016.7925032167	6890.45006158985	6120.36247528956
Microbial communities	2525.96089959806	2412.25845289317	2141.08715957399	3124.89865890421	3286.84751891647	2545.69306936645	1806.19343159286	1867.06667639334	1345.1195583177	2528.03538866673	2483.87009654852	2786.13984078397	2616.36047628764	1615.76325951295	641.012107179948	840.97003476439	640.392428993341	687.691905149866	1116.87636468263	1241.88595438612	2629.40349498448	1188.58402125854	2303.62750189838	2536.59381213413	1438.61380194233	2609.73334713137	3418.31885515783	2212.42645827224	3788.66869591231	555.439101148087	1171.89024445764	383.594589458453	1382.71263291019	843.59403235515	2929.52373231591	810.544986195546	3510.36138713441	940.665252663818	743.62906406117	371.044606993679	1953.92522689122	287.778728146892	248.497459895851	2223.27534912472	702.307779606899	757.107703665934	815.83637086276	2076.16188844296	1498.80819656445	6102.34151712072	1581.44759942821	4350.57619032835	4876.57423048818	2820.28347877937	2058.56727080983	2538.66234680763	971.083429449034	1062.67368038194	6093.1915450439	3663.20980026547	2013.5351034178	850.789437340705
Miscellaneous	5871.89770626134	6972.14322636228	7148.7266015841	9933.16044324009	8228.14048262275	7356.94581561946	6557.61460390104	8234.24277793987	8055.91441239793	6065.86909472225	6218.20735904286	6712.10069414506	8593.23233340141	8571.18211267903	8546.82809573263	8259.77706337691	8210.86539114879	12138.2156737304	9112.13023610664	9820.89814912235	5369.9599762862	9256.09806555091	5984.403961793	6708.74904137529	8658.09105558872	8626.87525120546	8297.35221697733	5945.86601375494	5818.89922093286	8084.01723478106	8404.66560341442	10707.3767381561	7432.05643308362	6852.57022680364	7391.03200457643	7545.14221877083	5750.32576235536	8711.85275680802	6779.71011425827	10216.2418670346	4878.47339190461	8886.03229535241	11486.5808617375	9075.71128143728	7745.57897890097	7233.7536284477	6821.67997389425	8005.29948832549	9266.45480883994	6406.07357479377	8919.09798703965	6206.81176105307	5734.7891998131	7838.3227190576	8389.65167693468	8663.2792276624	8301.92892880584	8092.68981877592	8056.33215791355	7826.34939425164	8226.06604365849	8117.33699381444
Motility and Chemotaxis	2474.00998480574	7066.92602700085	5787.3184753522	1128.08807770852	1339.38152193478	1735.90856323605	199.608793000022	574.482054274875	19675.4412544195	3227.91140379273	2976.00264384488	905.861136141353	394.320195826688	1211.38455258996	22786.9948135856	18030.5224365584	24185.1773142822	5058.19223227296	6274.56164772227	4742.77898156496	18183.8106157425	9107.22185268408	14205.1603877464	15738.6705601775	23007.0880688364	26821.1577278888	24068.0429631679	21914.336849141	21848.8537683309	3224.76780909307	20785.0874952663	23943.3286197371	8576.99848427025	7996.12611781197	4349.56665239262	8877.67817607631	10134.9804215154	1915.51040305802	7123.77482781656	19794.5957544381	13516.9336337244	4640.84128475569	16827.7860098587	25543.0744761844	5752.30223497486	7492.62973242407	10979.6991791939	2993.26529614322	2596.672294622	17409.6785601729	15690.861789225	19358.5234746558	20785.9623614252	30852.6132499001	2803.48700908026	1021.93182985588	292.506304294361	1808.60856802563	21842.552827689	28221.3055819733	22493.6113488101	21775.4698218979
Nitrogen Metabolism	4005.18533964036	3438.40888805086	3168.15421333819	2668.05003990415	2547.4898364876	4886.26114096074	2249.99031469624	3351.14531660344	3014.73508885627	4645.11214275121	4362.07359998426	2141.92637820381	1971.60097913344	2963.30304521646	1718.34827226388	1844.24480994708	883.004784428354	2132.38349401891	2416.11731708921	2825.56590896776	3209.70679937139	2128.73781086288	1110.88207476274	2688.96870544254	2001.44832708625	2497.49588218593	2882.41855468517	4681.24401317778	5490.78915661574	2861.6537102643	2672.40837866389	2494.03738800024	2724.48654066072	2357.13534577369	3208.80076332653	2229.34257960765	1942.69708325003	3382.8045841979	1920.68386426106	1551.93679677044	1473.13543802405	2508.51369225388	2064.16818073907	1904.31100764982	1972.84853368678	2287.92474980108	2149.79749437588	2425.4192446571	2085.96636902537	1700.47429808832	2812.96336986991	2532.16166970014	2861.91931007537	1355.30210590733	3027.80630511124	3505.43539935408	2239.64202028461	2819.49449929291	2688.72144399011	3812.04480197628	4046.68555688216	2629.34655106031
Nucleosides and Nucleotides	33445.962834927	32719.7824899065	30881.8375486596	31171.5488882642	29627.1949364698	32486.2888262747	33575.1304903043	31389.0611321855	26871.6166383763	34123.6253441986	34688.6326518256	29347.2164207796	28646.3615514148	33087.9402996178	28716.4607708927	26674.7167972245	27634.4403356631	32598.1837215269	31631.9001344813	34082.6788573613	24576.3488537989	29295.7661620677	32264.8910828772	28963.9909360137	24963.6047224188	26552.6769205538	27434.4732082817	28925.8108041146	27215.8356716088	34877.3058246871	26136.4136690494	29091.8674690507	30927.8166672238	29517.8051348948	31959.3324722831	30176.6389599987	33981.2441468399	36176.4058742781	35499.2856356664	31097.0665734771	33865.0538894916	33935.3333080018	33022.7790127713	29412.5951653762	30718.1580245781	30626.5573158126	28744.3822680094	28068.6190186473	29474.4306970447	27194.1030660525	27552.2739385521	33695.7055772308	33048.4298585974	28310.5848798609	35631.8413620243	36452.0719761994	37329.8045572793	37621.5451200357	24008.0513476419	23755.9103774232	26787.8193179134	25330.2572511797
Phosphate Metabolism	8757.2722761385	8937.43927395408	5460.65166846276	2919.63802845784	7132.18192888779	8321.33946186171	5201.80514558056	4500.10942515319	6385.51977988525	8349.05755569247	8373.76156758923	7321.15185994039	5955.37085878166	6103.16416287518	8126.80588978236	7423.705778655	8670.19160518096	4119.34821337092	5189.15689750973	2598.04744559491	5764.7648672396	6335.88053781085	8107.00374117605	6771.64356363819	7450.51408293643	7684.89472932139	8128.46356472056	5411.41696725174	5429.01058777849	2080.93030747051	7936.28054236932	7493.38737625275	4910.3460135299	4848.86396708592	3964.11818810524	5285.34279725765	7822.02563268711	2443.71907470649	4325.00742189642	7378.77058270521	4874.46447956773	2732.98837653533	5238.56489294686	8068.08371822543	4039.15025904309	5403.0124703061	6930.58442270355	6465.91821364157	5216.94399663619	5045.11097077238	3768.38274219004	9091.84151729525	8349.12471453348	9735.97830312433	6922.63831592783	7498.87653293341	2136.42104559612	2302.16358069627	5390.24992495675	6209.50376195109	6974.13089279094	6602.93610423346
Photosynthesis	2252.89136485129	2284.55490852135	2163.55003135243	1613.00363629186	1427.96626150269	2241.06713983914	3048.42548669633	3782.00685730959	1812.58074278954	2464.35591079697	2199.23865102482	1638.12098987074	1896.95600379176	3852.74936650793	854.100600574916	1308.77374761182	1041.74470901206	1932.96418022133	3325.74456167619	3178.89072387279	894.774236766742	2869.58142275277	1208.78051677569	1765.60419743804	1450.899990297	741.007028244565	953.359208453556	785.062315606723	618.786151025706	738.213397412595	1099.83100429685	1107.8192753729	1752.21578692738	3923.85171595348	1955.51623573343	2758.21090211561	1070.98083517315	3313.15227159607	2756.15161326626	1418.79077509292	1049.40272706783	3541.75210936788	2973.02808091288	1293.85994417894	3808.10015702598	6620.22273509143	4811.91939575903	2052.90318983274	2120.99673937315	251.854622222491	3562.97590444544	405.786745231051	579.247903519916	762.080824936842	1508.17370588544	801.568438733008	3688.39199472716	3533.59153589777	1808.41412677261	1580.70315880245	1658.90511148697	1671.93374260289
Prokaryotic cell type differentiation	4479.55902727483	4372.12800426521	4423.6047757706	4730.8010213256	5606.00751599785	4590.81991282621	2916.68368331631	2633.04274875984	4854.58440074	4915.28462479885	4507.00583883206	4709.41701120918	4480.86214297432	3305.79300981511	7476.81112948507	7215.26665596855	4820.99030217183	2153.50181509626	3119.34932259329	1773.68024472053	20361.0069548292	3717.76144880734	4932.65881536444	17300.8550346445	5256.27616042284	14236.4258273068	14900.8045191121	27746.8129976243	34016.3138131966	2751.72695626095	2920.3195043661	3249.55573318259	6759.77928830716	3505.0737964052	5563.80625071909	3673.88111682379	18127.5444037524	873.454361328449	2280.44043945547	2811.7793397738	19293.8695416874	1794.34220887544	2410.64889693568	18068.3867472705	2362.3933703193	3162.70340981991	4264.08266848786	4707.19448956403	3552.20246684539	34037.3078182493	7166.2929716191	31530.585259282	38438.3806896556	18503.6810290357	3791.33528616642	3994.16571521886	180.378887648189	415.805067429888	2818.2204202423	4938.99473790521	4647.13861140142	5324.70522762105
Prophages, Transposable elements, Plasmids	1736.27088638657	2894.85485003767	2116.38458797013	1827.39447600025	2551.10889734274	2657.44026964531	1744.31470576285	2138.34986868981	5974.15393755004	1831.01763820503	1684.12626679968	2812.50151700209	3005.81252154856	1711.16533966198	6068.03169891364	3889.06920954542	6881.18595723548	1462.69176857927	1910.2538085332	1698.64389825264	2658.90796704241	2407.08478318822	1791.34858550301	4736.07906170459	6880.83036083617	6859.02279100015	4932.67665915969	2137.31470038531	5413.50341665335	837.465832884101	13802.1760869483	5522.24290170881	1212.62996679019	1715.43122672635	792.438958514974	1593.18757529054	835.562117972313	394.074115009086	613.138846245016	1724.11693163542	1920.54870092371	1034.69368249021	3177.93603135173	1046.56136886852	1329.47731465539	1755.76013013999	2487.99315768913	2367.43401687189	1778.80533218639	428.626679788204	1871.97799155345	786.770276345852	874.703773184355	2213.21753089766	1913.72685898762	1966.96743321635	392.258454220386	406.376690941994	18104.9821152994	5768.74309264747	6736.99878975285	5733.40301506985
Protein Fate (folding, modification, targeting, degradation)	33967.638484944	32619.3923098408	35902.1247073309	30840.8324194396	28509.8921488279	34401.29906667	29686.0858400206	26888.9517070323	34469.0295390047	33286.6855677288	33228.389152728	30083.2537098207	28700.4521132566	30083.533787801	32333.1430686239	36314.4878972925	33920.5562333714	40600.7518065583	36792.2690435612	26886.2457666384	28122.1437234935	38605.7345748403	33153.8137589382	31052.8030950804	36179.2941905963	33680.5301683125	27513.6848062232	30544.3247408898	31169.6640771926	41355.3062922915	25818.6890518636	30861.5614846918	37421.2545539065	37975.5608663483	33936.9677566159	39528.4613910301	28846.4481341265	28084.6741191497	40038.0327307959	30577.2733261166	35421.0712593177	41395.0236264896	32122.4879905249	33237.9277078825	37217.8509858951	37779.8568485213	39609.0215295484	31046.7015531977	33925.6230892363	28084.5239663268	31340.642210901	28331.4328099775	25716.6601465665	37149.4401152259	32268.0603041735	29254.5308326066	23460.3181326962	24244.8651739139	30153.210554538	32850.2048003295	33928.3893690202	33964.617413323
Protein Synthesis	75229.4110840317	72737.6235691343	73995.9669649952	72693.0353647852	63899.0432235983	71614.6475430972	80041.0234470555	74931.6092792529	62453.125886227	75363.3592219445	75696.6294498083	72380.2417179282	69531.9027118964	76645.5874611223	66662.5144471504	74306.2862761608	70665.8347252984	91732.0906381755	85103.5881219807	84059.9145951134	69581.4773111147	79937.4502172127	80054.1602290001	66351.8827658077	64058.7738756705	67192.8789639183	59652.7629256036	69009.9707774814	68127.7882990931	108002.904720166	59331.3651467949	42199.6142530039	85130.995579367	87436.0769592433	83867.0847520415	85169.1590122653	71915.6733489964	92116.662629975	100943.466455784	47142.6673145594	92230.8645404331	99972.0017336287	62545.4321841189	58191.9302590117	92115.4961093697	85531.7890629575	76261.1925744029	74186.0958379866	81814.6222089753	71979.4921642015	74066.5968304544	68186.6545784866	61978.317336806	72508.1179578358	71030.5813321613	69682.0743177244	87658.6267782083	87361.7788050608	51998.1432725627	57581.4688861644	58780.6980080823	57571.9840422543
RNA Processing	36971.8818030375	36213.0170780978	34422.38796944	41422.9140320809	38436.7951214393	36386.5722727201	55634.8164051845	43359.0330463962	41417.7231808824	37426.0111603141	37841.8985724152	40568.9238723354	40326.9208830604	52043.3060385643	43164.076872128	41478.4271975623	45705.7565245958	30892.1068458736	39079.0843787193	60813.8609814135	40393.4042005699	36077.5476339763	37456.631132283	41207.0553508135	45464.719906515	46308.9083069314	42525.5923648849	40884.8143985437	42176.4290377191	25400.9080083631	40254.8692827304	35939.6164106781	33359.8453923646	35316.8664624145	33679.2904574116	35534.0171007569	29511.4264256558	58920.1406631202	29087.2606161661	32247.6687324838	35067.8954054906	28299.0905059137	30543.1879045107	36783.7637623472	38948.3786808811	40525.9138550564	37475.6780768949	37346.6431092569	34275.0909803693	35857.5740398838	28438.891272788	35549.3067693133	38024.2473884471	48683.1086984652	32438.0186101979	32957.8585349875	71501.1410411113	68826.3694957443	39916.5762000608	40892.2157915604	41941.0316646596	42260.8851854356
Regulation and Cell signaling	12405.6618021965	12409.7818516992	11354.6720784388	14740.350882058	11382.7195524221	13465.3845552466	10946.8921966957	10343.8685439159	8391.78527344095	12812.6831865149	12277.5580631979	10386.6290234795	9302.38664442826	9971.49080905494	8385.53956864773	8706.79069637374	7151.03638693099	8866.29324372527	8919.64105923145	9629.84803853975	10762.1213374873	9340.97671019825	7098.8185788599	9639.75531413485	7179.25763935433	10140.3527608184	13130.8639769418	14163.6219607759	15085.0926061168	9691.90668941945	15828.036676184	7719.63538968045	9880.17302258452	8016.11058969366	14328.4504072689	8047.75870851375	14154.319197493	9904.87480061396	8955.13070499537	7231.52155798624	11137.5043160072	8147.52149855674	7714.18823816715	8836.59569625382	8287.93622040414	8494.85789648652	8125.69237398481	9337.6137378823	9085.32935710488	10523.4896471742	8377.86022214291	11110.6999005735	11733.1810889088	7815.37121182158	10880.4117360844	11648.0302608483	11151.0153342494	11147.7297585012	19908.1793073246	13655.987377445	9891.35099919526	7023.05243819506
Respiration	49220.3548512327	50230.3622582611	54782.8601091165	50239.4836981645	47720.031670687	49353.9929341212	46139.4394294264	50841.6618033264	52963.3522006587	49199.3096666012	49448.7411773721	46946.046425293	45778.4652035667	46423.4462447575	56329.8018353459	59556.8497197011	61940.4971828854	106230.257432243	94782.0122457453	49310.5825458304	40895.8273836632	86480.6052542414	59840.0609866659	48369.7615581308	50590.7577630269	46117.80991201	40459.8930122043	45560.2565099105	41713.8734671849	135945.12452159	44438.8097282433	44598.8844710795	83034.2808995975	119472.276156004	78768.4324763876	82733.5548394433	82026.6722888242	62479.9913730409	110089.145914289	48405.4980622726	68663.5317398398	121656.911104636	91511.3318261286	44489.36685897	100812.747917006	76134.750680647	67259.6243334294	54710.3814850538	82175.1031568905	104871.389945119	133249.821310586	54667.670427287	35323.4652287598	49224.8834241555	65596.3890913435	57022.8541498266	42046.2812099847	42138.8306028368	46643.5311969567	46777.8277664523	44503.6363449871	47147.6525287641
Secondary Metabolism	8334.69152918532	11892.4377904275	12090.0314046473	13612.2966199393	9322.78301422855	10619.8109854057	6680.70669291772	6271.42909250072	9841.42136158681	8487.78309881792	8832.33445204407	6729.05896756586	8036.36999924013	5838.38543981775	7715.80792330648	7274.9668075851	7338.24233174595	7706.48638885278	8410.97194163354	6087.7538614884	10528.8607341382	9240.63434486615	8612.28991171334	10424.083428963	10206.5038396661	8483.44406269152	9134.65139426965	9876.2331908771	7914.45162002086	7832.70257741736	9472.86084373825	17801.7402871318	9981.76242113061	7986.97143771022	10504.2400100433	9401.24111322008	9959.8185878222	6275.45794590089	8602.44372641176	14514.8460153382	14005.0886336291	7735.64501545294	13405.7300975524	15299.3059566778	7495.86171925137	8518.10019081111	9351.34092069304	7822.40643467058	7376.9043409225	12725.2797810931	7773.63102700447	10897.3922591737	10151.9845156526	6989.28717263942	8601.50369701135	8420.99724194367	5702.74790949274	5962.08169721807	14240.8872895774	12128.2652387977	9736.20523301018	10573.2509044444
Stress Response, Defense and Virulence	67263.0423201944	67711.8715111529	67519.5681373899	69222.2756835977	67924.6797153807	73485.0463767277	58217.4405156443	64486.5224686314	67586.9793895901	68233.0505256763	67976.077060163	68631.547062941	66041.0948948164	62349.206244352	75071.804578386	66118.3201203923	74497.2589853835	58989.7758938713	59547.9714936034	52066.1718986657	65591.1330940407	66399.7929761528	69439.4682608588	65273.4717579767	67247.5952212256	66770.7029735638	71415.4032166133	66630.5433221066	65555.202205646	50949.6673670975	70199.188357416	68859.6111634716	60114.6650821812	56621.3458245721	57501.206298724	60114.5945273352	64049.9227662681	49839.2722109237	56266.560754228	73545.4816697098	60956.8466105468	55414.4889443184	63988.2183357232	67093.4102990858	56795.7680020709	59269.3569244389	62944.4208343902	64939.0279676704	62374.4909678949	62047.1293188942	58368.8088389785	65507.7732040596	67448.0161988024	65045.5401472111	66492.8464734988	67061.0037483777	44901.8552552543	46102.5747356029	69197.8666780202	65606.5265144617	70521.0301900538	65456.7704869004
Sulfur Metabolism	9790.40039441721	9341.91996599214	8523.96346266244	7891.47174350248	12857.2600720791	9037.63682881556	11543.7947271385	12207.7436533411	10157.0133112463	9824.41590905795	9725.44402659898	13451.0452902927	11918.8939379552	11509.8380913768	9034.17861370603	9706.57713086684	8010.02446185331	9331.88844331665	8096.15124007396	8693.34919645607	6896.6599105596	8119.17528855941	7225.70246915991	7593.75396756486	7816.70234652198	8025.6209568255	9191.49072918501	7463.56603129058	6160.55126187768	9133.12350351828	8756.56000740775	14431.1243802959	8281.53840426215	7961.67780788502	7665.19829889205	8528.44907916691	7037.04031666701	8253.31691390647	9308.0347739956	17670.6075704769	8341.53435597797	9081.79147533529	13736.5100746894	10171.6228486579	8378.56837351682	8714.14026471731	9147.90605746696	11095.3529667805	10567.4774958317	8399.22408365584	12114.9587363037	7494.59815927683	7444.47017694142	6666.31249285164	11592.6939269458	12304.1919851723	8323.71957702411	8192.10746153544	13274.8419739732	12458.6085736013	9939.43010878427	10557.8651055179
