	H800_swab_1	H800_swab_2	H801_swab_1	H802_swab_1	H802_swab_2	H803_swab_1	H803_swab_2	H804_swab_1	H804_swab_4	H805_swab_1	H805_swab_2	H806_swab_1	H806_swab_2	H807_swab_1	H807_swab_2	H809_swab_1	H809_swab_2	H810_swab_1	H813_swab_3	H813_swab_4	H814_chip	H814_chip_2	H815_chip	H817_chip	H817_swab_1	H817_swab_2	H818_swab_1	H818_swab_2	H819_swab_1	H819_swab_2	H820_swab_1	H820_swab_2	H821_chip	H821_swab_1	H821_swab_2	H822_swab_1	H822_swab_2	H823_chip	H823_swab_1	H825_swab_1	H825_swab_2	H827_chip	H827_swab_1	H827_swab_2	H831_chip	H831_chip_2	H831_swab_1	H831_swab_2	H833_swab_1	H834_swab_1	H834_swab_2	H835_chip	H835_chip_2	H837_swab_1	H837_swab_2	H838_chip	H840_chip	H840_swab_1	H840_swab_2	H841_chip	H841_swab_1	H841_swab_2
Amino Acids and Derivatives; 	1536.25	1168.83333333333	1732.08333333333	247.75	470.583333333333	591.25	781.083333333333	541.166666666667	1409.25	2475	3331.5	3005.91666666667	3053.58333333333	2385.25	2305.08333333333	148	3348.58333333333	2302.41666666667	534.833333333334	550.916666666667	4122.91666666667	859.5	2707.33333333333	547.25	525.666666666667	648.666666666667	715.416666666667	253.5	291.416666666667	1504.5	692.916666666667	156.583333333333	2035.66666666667	405.583333333333	1996.58333333333	444.583333333333	302.75	128.833333333333	609.166666666667	1271.58333333333	564.916666666667	916.333333333333	796.583333333333	236.416666666667	8.91666666666667	368.416666666667	1215.66666666667	2464.5	2273	1038	2000.16666666667	3128.16666666666	890.916666666667	338.583333333333	534.916666666666	2421.75	613.25	4720.08333333334	3351.16666666666	1114.25	3008	3656.83333333333
Amino Acids and Derivatives; Alanine, serine, and glycine	9463.16666666667	8120.24999999999	9735.50000000001	3677.33333333334	4131.5	7241.49999999999	2333.16666666667	4770.83333333333	6971.16666666666	9231.91666666666	16483.5833333333	13485.0833333333	16162.3333333333	8566.75000000001	6710.83333333333	2673.83333333333	12037.8333333333	12881.6666666667	5503.83333333333	4643.83333333333	20804.25	5959.91666666667	16022.5	3866.08333333333	5269.5	4916.58333333334	5419.58333333333	3900.08333333333	2770	10175	4355.25	2777.08333333333	11880.0833333333	5265.66666666667	9373	4107.58333333333	2743	669.583333333333	4155.16666666667	8935.66666666666	4339.33333333333	9599.08333333333	5446.75	2846.58333333333	71.9166666666667	2378	4843.16666666667	7981.16666666667	9840.58333333334	5155.58333333333	10095.4166666667	14358.75	4333.08333333333	5944.83333333333	8228.58333333333	16358.6666666667	3944.25	19440.5	12290.0833333333	11149.75	21413.25	21186.8333333334
Amino Acids and Derivatives; Arginine; urea cycle, creatine, polyamines	39726.0833333333	28122.4166666666	41419.5833333334	14714.25	15098.8333333333	22495.5	8592.33333333335	17680.6666666667	26636.5	43143.1666666666	77397.1666666666	64285.7499999999	68625.4999999999	41585.25	40825.3333333334	8977.66666666668	88555.5833333332	56677.0833333333	18624.0833333334	17004.3333333333	77267.2500000001	18071.0833333333	46277.8333333335	9112.25000000001	17068	17452.3333333333	20665	13545.6666666667	9589.33333333334	35129.3333333334	17420.8333333333	8964.58333333333	39339.5	23724.9166666667	45281.1666666667	14565.3333333333	9822.58333333333	2205.66666666667	16035	29764.25	14614.4166666667	23995.5833333333	21397.8333333333	11747.4166666667	252.25	9393.41666666667	20263.0833333333	37721.3333333333	45391.25	17091	34343.0833333334	54015.3333333334	15858.6666666667	18634.9166666667	27184.8333333333	40819.0000000001	13656.8333333334	152514.25	83714.9999999999	30189.75	84860.5	79166.0000000001
Amino Acids and Derivatives; Aromatic amino acids and derivatives	28486.5833333333	26387.5833333333	32195.8333333333	10392.8333333333	11778.6666666666	22493	6247.25	13269.3333333334	25022.4166666667	29762.5833333333	56716.4166666668	53702.0833333333	34914.5833333334	25504.5833333333	21640.8333333333	9421.66666666667	37126.5	38835.6666666666	15767.8333333333	15321.75	53410.9166666667	13620.1666666667	37770.1666666667	9408.66666666667	17632.75	15454.25	20013.25	14215.4166666666	9783.33333333333	25182	14219.8333333333	9329.66666666667	26336	16277.9166666667	30170.5833333333	12959.3333333333	8731.50000000001	1646.66666666667	11758.75	22879.4166666667	10525.0833333333	24351.1666666667	17924.6666666667	7354.41666666667	193.083333333333	6610.16666666667	15016.0833333333	24727.6666666667	53137.0000000001	11325.5	21329.4166666667	36831.9166666667	11347.3333333333	23309.75	32754.75	28797.6666666667	8849.25	67050.75	47041.5833333333	27800.75	55697.9166666666	54707.25
Amino Acids and Derivatives; Branched-chain amino acids	31451.5666666667	27393.1833333333	36089.4666666667	12137.9666666667	11998.1833333333	12543.1166666667	7929.24999999999	14766.5833333333	25673.15	30266.8833333334	48019.9666666667	43089.1833333334	33994.5333333334	28767.2666666667	26957.9333333334	11284.1166666667	24025.5166666667	36394.55	16623.1	15983.35	63760.2333333334	15140.8166666667	44977.3166666667	8213.2	16334.3333333333	15625.6	17835.5333333333	9085.23333333333	11388.0833333333	26874.45	15751.1666666667	10726.2666666667	36375.3833333334	16484.45	29653.8166666666	12582.3833333333	7526.7	1934.08333333333	11636.9833333333	26592.8666666667	13293.95	19450.5333333333	22660.8666666667	7789.1	167.066666666667	6296.88333333333	15379.3666666667	25953.4833333333	30729.6333333334	16350.1833333333	32588.1666666667	46505.6166666667	13757.0666666667	11280.85	15712.0666666667	35259.1333333333	11456.0666666667	54644.9	45126.6	21318.75	52542.9333333333	57029.0833333333
Amino Acids and Derivatives; Glutamine, glutamate, aspartate, asparagine; ammonia assimilation	14100.8095238095	9125.21428571429	16188.7857142857	3367.02380952381	3662.19047619048	2949.47619047619	2650.73809523809	5334.73809523811	8420.59523809524	11211.7380952381	19241.2619047619	20930.4285714286	11970.1666666667	10963.6904761905	10746.2619047619	2232.40476190476	5004.52380952381	8783.21428571428	4613.5	4247.52380952381	25082.380952381	8863.23809523809	19914.2619047619	4030.5	5082.7619047619	5001.28571428571	6869	1772.95238095238	2579.2619047619	6024.19047619048	4822.2380952381	2250.07142857143	17145.7380952381	2844.42857142857	8723.16666666666	3373.19047619048	2080.61904761904	916.380952380953	3732.21428571429	11392.5238095238	4620.85714285715	7023.54761904762	5848.2380952381	2140.64285714285	60.1428571428571	2071.52380952381	5533.42857142857	10490.8571428571	20628.5714285714	3829.45238095238	7015.2380952381	22546.3333333333	6358.11904761905	2257.45238095238	3273.2619047619	18226.8333333333	5056.92857142857	12664.4285714286	12101.9523809524	7637.2380952381	13137.0952380952	18693.9047619048
Amino Acids and Derivatives; Histidine Metabolism	13749.6666666667	10997.6	15242.0666666667	4787.73333333333	5448.73333333332	9778.73333333333	4140.2	6014.86666666664	11047.3333333333	18633.7333333333	33145	35252.2666666667	22485.6666666667	14430.8	13011.1333333333	3177.73333333333	18525.8	15522.4	6622.33333333333	6087.06666666667	35434.2	8916.26666666667	21829.6	4488.73333333333	7039.2	6508.86666666665	8313.73333333332	5746	3550.13333333333	11151.8666666666	8524.93333333332	3273.4	17132.2	6128.2	20100.3333333334	5629.93333333333	3636.66666666667	906.866666666666	5084.06666666667	13636.3333333333	5667.2	13816.8	11957.4666666667	2727.2	105.533333333333	3734.93333333334	8601.8	16534.4	30139.4666666667	6894.2	14117.8666666667	23307.0666666667	6849.73333333333	9967.66666666667	14143.5333333333	18345.6666666667	6001.06666666666	35936.1333333334	28615.4	16937.1333333334	29837.6	35872
Amino Acids and Derivatives; Lysine, threonine, methionine, and cysteine	51109.7380952383	37421.9404761908	55977.8928571431	14961.2619047618	16836.5119047617	27391.7380952382	12363.619047619	20638.5357142857	32298.2976190477	50634.4523809526	83751.5476190469	89575.7976190472	67105	52668.3452380952	52433.5476190478	11180.2857142856	64855.0952380954	56900.9404761906	21522.6666666666	19882.0952380951	79923.4404761903	23453.9523809525	68515.4642857141	14771.3333333333	23030.9642857142	20600.6428571428	28119	18205.8095238095	12206.2976190476	38144.0952380952	19826.7857142857	11405.869047619	46590.9523809524	21386.8809523808	51264.8333333334	17372.5952380952	11124.4761904761	2554.60714285714	17175.6071428569	32906.511904762	15640.8452380952	32176.1071428572	32873.3690476191	10507.4047619047	224.821428571429	10501.0119047619	27052.3809523811	49411.511904762	78411.952380952	20539.3095238095	41176.785714286	54840.6666666669	15784.0595238095	27909.8095238095	38341.2142857143	47368.25	14181.2976190476	130568.547619047	87570.9761904761	34215.2023809524	86114.2976190476	95099.035714285
Amino Acids and Derivatives; Proline and 4-hydroxyproline	13213.5	11064.3333333333	12749.5	4546.58333333333	4877.41666666667	6733.91666666668	4631.16666666667	5688.08333333332	9415.83333333334	16208.4166666667	23761.3333333333	29183.8333333334	20833.75	20337.0833333333	19900.4166666667	4752.5	21515.75	16972.9166666666	7843.83333333333	6749.75	28549.25	6728.08333333333	17946.5	4910.25	8181.16666666667	6611.33333333334	9750.16666666668	4114.08333333332	4877.75	11372.5833333333	8665.66666666667	4474.83333333333	12691.5	7300.58333333333	15536.0833333333	5291.33333333334	3285	825.916666666667	4945.25000000001	9595.5	4945.08333333332	8083.16666666666	12723.5833333333	3816.75	52.75	2990.08333333334	9481.58333333335	16460.4166666667	22193.25	6717.99999999999	12993.3333333334	18475.5	5487.91666666667	6441.75	8570.41666666667	13621	3763.25	30825.4166666667	21378.0833333333	9365.5	23376.6666666667	25765.3333333334
Carbohydrates; 	6	26	9	16	25	139	27	38	5	61	11	170	99	5	1	10	5	4	5	6	22	2	86	66	4	18	4	1	2	4	2	5	479	4	15	3	28	27	17	255	76	582	2	2	9	35	5	45	9	25	5	424	176	206	44	1671	81	17	18	891	588	222
Carbohydrates; Amino sugars and nucleotide sugars 	2881.93333333334	2601.46666666667	3141.13333333333	800.999999999999	1136.63333333333	1665.1	1194.53333333333	1185.05	2744.06666666667	5026.08333333333	5445.06666666666	6023.83333333333	4818.45	3820.2	2762.61666666667	427.716666666667	3456.4	2972.46666666667	1315.36666666667	1406.26666666667	5843.13333333333	1248.95	2368.18333333334	604.083333333333	1577.78333333333	1338.7	2738.13333333333	956.366666666666	614.3	1840.9	1532.46666666667	521.166666666666	2824.15	1268.9	3982.95	990.616666666666	655.95	127.733333333333	1136.06666666667	2756.86666666666	962.05	2083.61666666667	2976.56666666667	494.2	19.65	796	3747.43333333333	7387.31666666667	7716.8	875.166666666667	1658.03333333333	3348.8	979.4	1461.28333333333	2027	2825.18333333333	1058.36666666667	7451.7	8221.86666666666	2786.26666666667	5556.79999999999	7924.29999999999
Carbohydrates; C-1 compound metabolism	13884.5833333333	10263.6833333333	16943.4	3849.15	4252.06666666667	4008.23333333333	2170.03333333333	5563.28333333332	10012.75	10114.5666666667	19452.0833333334	17609.5166666667	14054	7637.13333333333	5671.63333333333	3507.31666666666	12406.9666666667	13294.9833333333	5789.5	5578.23333333332	27214.45	6216.1	17828.5166666667	3589.15	4959.36666666667	5415.2	6147.81666666666	2978.5	4042.3	9556.53333333333	4671.51666666666	3034.9	17365.6166666667	5118.11666666666	9521.91666666666	4295.18333333333	2887.58333333333	701.616666666667	4466.56666666666	12190.1666666667	4880.2	8038.63333333333	3711.88333333333	2165.45	75.7	2353.35	5165.46666666666	9590.64999999999	16301.9666666667	6963.61666666667	14326.95	18662.7333333333	5417.56666666667	3471.58333333333	4806.53333333333	16011.6666666667	4617.06666666667	24151.1333333334	17378.9	9713.46666666667	20199.1833333333	21396.5
Carbohydrates; CO2 fixation	30651.6666666666	16094.0166666667	36430.8166666667	8778.73333333332	8751.23333333334	9040.89999999999	5619.7	10986.3666666667	15855.5833333334	23502.65	36391.25	35854.6	30122.2500000001	23250.8	22341.8833333334	6749.31666666667	25796.55	27087.2333333333	12436.5833333333	11952.4	58991.3666666667	14144.1	39405.35	6636.23333333333	11065.45	11914.6166666666	11664.9	6001.58333333333	7258.71666666667	26980.2000000001	11365.7666666667	6884.31666666667	34958.7833333334	14601.7833333333	25485.2500000001	8878.43333333333	6364.58333333333	1697.61666666667	10167.3166666667	24836.3333333333	10443.6166666667	15107.8	15026.2166666667	7051.7	149.866666666667	4812.6	12032.8	21793.3166666667	27519.1333333333	13836.7	27393.5333333334	42900.9833333334	12429.4	7036.33333333333	10031.2	35604.4166666667	10164.3166666667	50102.6333333334	35010.4833333333	19306.4666666667	39676.1833333333	42546.5
Carbohydrates; Carboxylic acids	2669.16666666667	684	3000.33333333333	315.5	339.666666666667	780	200.333333333333	391.333333333333	502.333333333333	1076.83333333333	2421	1492.33333333333	1768.16666666667	1311.33333333333	653.833333333333	101.333333333333	2879.66666666667	1892	383.5	390.5	800.333333333333	154.333333333333	1101.83333333333	50.8333333333333	220.666666666667	380.666666666667	244	68.3333333333333	172.333333333333	1818	155	161.666666666667	1326	735.166666666667	2458.5	287.666666666667	196.5	24.5	366	605.666666666667	320.833333333334	204.333333333333	253.333333333333	419.666666666666	1.5	410.666666666667	427.666666666667	753.833333333333	548.833333333333	359.166666666667	806.5	644.666666666667	146.666666666667	30.5	102.5	1525	348	13853	6315.33333333333	253.333333333333	3116.66666666667	3561.83333333333
Carbohydrates; Di- and oligosaccharides	14405	25602	14296	11268	12107	17181	9750	12131	24680	39857	47901	27540	30435	31194	28327	8605	22797	10237	15845	14143	66594	14398	32869	7653	19545	15332	31553	10303	9709	12047	15556	9328	28621	9052	35065	14865	8278	1524	11163	27826	13861	17868	34146	6084	218	5345	29592	54716	40775	13369	24758	32277	10258	16739	22976	22765	10615	52218	50114	19238	33799	53611
Carbohydrates; Monosaccharides	24890.3666666667	31073.2666666668	25499.4333333334	7381.66666666666	8879.43333333332	8114.69999999999	10149.5666666667	10462.1833333333	26904.6333333334	37447.9166666667	55969.1333333333	44215.6666666668	54464.9833333334	26779.0666666667	22097.3166666667	5801.01666666666	74992.9666666666	38848.9333333334	12054.9	11902.7	62238.2666666667	15169.9833333333	28010.1166666667	4684.25	12240.3166666667	11891.0666666667	23563.1	5081.73333333333	7867.76666666666	31520.6333333333	12090.6	6896	22845.8833333333	16147.8	41781.8166666667	9552.31666666666	5855.14999999999	1461.8	9752.3	23610.0666666667	9827.01666666666	12191.15	22325.8	5929.56666666666	142.55	6672.99999999998	20967.5333333333	40081.3833333333	40629.2666666667	8025.66666666666	14232.2333333333	37095.9333333333	10632.6333333333	7372.81666666666	10129	23549.7833333333	9622.56666666666	119604.566666667	72874.2333333333	14436.3666666667	52291.7666666666	65308.4333333333
Carbohydrates; Polysaccharides	21606.5	12313.5	26047	3957	4884.5	1028	3058.5	6782.5	15217	14150	25806	20107	17980.5	9582	4771.5	2084	23882.5	23757	7515	7731	26658	9370	30186.5	2169.5	5510.5	7598.5	6171.5	1680.5	3594	20433.5	4333	2760	13061	9213	12743	4987	3707	1193	8009	9671.5	4072.5	1637	5347.5	3015	31	2970	5215.5	9158	13704.5	6456.5	11395	23331.5	6856	337	566	9895.5	2902.5	45382	24247.5	4978	26456.5	25838.5
Carbohydrates; Sugar acids	1649.25	1551.75	1411.25	340	380.25	1048.75	763.5	498.75	1245.5	1783.25	4584	2849.75	10037.75	1978.5	265.75	125.5	14869.5	4611.5	540.75	447.25	754.5	476.5	729.5	144	526	501.5	357.5	414.25	195.75	3366.75	131.5	187.25	511.5	1428.5	2001.25	433.5	340.25	40.25	460.75	536.75	266.5	561.75	174.25	468	2.5	539.5	394	715.25	335.5	197.5	167.25	544	163.75	780.5	980.75	522.5	322.25	5641.5	3530.75	569.75	4402.5	4951
Carbohydrates; Sugar alcohols	17960.3333333333	8247.49999999999	16798.5833333333	3450.66666666667	4343	4413.83333333333	4803	5415.83333333334	10856.3333333333	18316	29185.6666666667	19095.6666666667	28782.3333333334	19447.6666666667	16191.5	2573	39860.6666666667	27335.1666666667	6624.5	5555	32323.1666666667	8517.49999999999	28509	2705.5	7003.49999999999	6356.75	11206.5	2184.25	4881.33333333334	22245.9166666667	7618.5	2584.66666666667	14295.3333333333	10022.5	22300.3333333333	4474.5	3653.83333333334	1218	6501.66666666666	10070.5	4398.16666666667	3972.16666666667	7403.16666666667	1923.83333333333	85.6666666666667	3177.33333333333	9777.00000000001	20219.4166666666	11405.8333333333	5656.83333333333	9860.16666666667	20331.3333333333	5986.66666666666	2150.83333333333	3112.66666666667	11490.3333333333	3936.16666666667	40179	22477.8333333333	4701.33333333333	23080.1666666667	32870.3333333333
Cell Cycle, Cell Division and Death; 	80892.6666666665	58826.7666666667	94199.4666666664	15934.5333333333	21498.9000000002	22607.8000000001	21819.5333333334	27236.2000000002	52649.0333333334	85649.0333333332	125441.833333333	122548.8	96279.2666666663	79656.0999999996	80312.5333333331	12390.4333333333	81865.6666666664	58204.7666666667	27505.3666666668	27345.2000000002	141513.066666666	34808.3	90229.5333333326	17006.6333333334	27580.9000000001	27576.0000000002	42075.9	13040.8666666666	15396.9	43117.2666666667	31705.4333333334	12743.6666666666	71776.4666666667	24166.1666666667	61984.8666666667	19902.4666666667	13266.2666666666	3950.76666666666	23489.6333333334	54281.5000000001	20064.9333333334	40118.6333333333	51163.7333333333	13113.6666666667	340.833333333333	14339.8	41447.9333333334	80888.8666666665	112329.766666666	31444.5333333334	67783.1333333332	97257.9666666665	27584.8666666667	18271.3333333333	25611.5000000001	79099.7999999999	21185.9666666667	134761.233333333	107599.633333333	48588.5666666667	115715.466666666	129118.933333333
Cell Cycle, Cell Division and Death; Programmed Cell Death and Toxin-antitoxin Systems	3519	3138.66666666667	3440.5	804	1264.5	2752.5	1502	1732.83333333333	3713.66666666667	6299.83333333333	8636.5	9244.66666666667	9763.83333333334	7571.5	8127.5	458.833333333333	11029.5	5671.5	1940	1513.16666666667	13041.6666666667	3474.16666666667	10481.8333333333	2257.33333333333	1891.33333333333	1493.66666666667	2850.83333333333	495.833333333333	760.666666666667	4226.5	1369.83333333333	521	6147.66666666666	2094.16666666667	5945	934.833333333333	762	374.166666666667	1613.5	4258.66666666667	1409	2609.33333333333	5749.5	586.5	36.6666666666667	982	3321.83333333333	6879.66666666667	8042	3158.33333333333	7393.5	7578	1984.83333333333	602.333333333333	834.333333333333	5811.66666666667	1813.16666666667	14196.6666666667	8430.33333333333	4872.66666666667	9002	8410.83333333333
Cell Cycle, Cell Division and Death; Stationary phase, Dormancy, Persistence	4902.08333333333	4160	5949.41666666667	565.583333333333	840.166666666667	735.833333333333	1019	1479.08333333333	3007.16666666667	4547.66666666667	10272.75	8923.5	5943.83333333333	4468.41666666667	4264.08333333333	257.666666666667	6574.75	7943.58333333333	1347.25	1451.75	4381.58333333333	937	3336.25	574.75	679.916666666667	1501.83333333333	1051.25	229.666666666667	436.833333333333	5072.75	860.833333333333	426.5	1638.75	2401.41666666667	4243.66666666667	841	687.666666666667	160.5	1427.91666666667	1887.66666666667	598.333333333333	679	1718.25	589.416666666667	6.5	1093.25	1335.25	2712.41666666667	8948.25	1149.33333333333	2528.58333333333	2958.5	819.25	42	157.666666666667	1606	478	14125.6666666667	9350.83333333333	1274.25	9475.75	10401.5
Cell Envelope, Capsule and Slime layer; Capsule and Slime layer	11920.5	13448.5	10525.5	4506.5	5191.5	6125	4076	7006	15264	18510	29281	22491	21079	16065.5	14225	3205	20756.5	14266	7241	6711.5	36198.5	9832.5	28317.5	5273.5	6195.5	6976.5	7938	3630	4720.5	16363.5	7296	3338	20116	7600.5	12709.5	4984	3577.5	1172	6039	15390.5	5846	11080.5	6039	2737	65	3411	7486	13377.5	17908	8838.5	17744.5	27583.5	7619	9263.5	10858.5	22328	6158	68744	37124.5	13305.5	32287.5	26675
Cell Envelope, Capsule and Slime layer; Cell wall of Mycobacteria	5739.13333333333	4535.73333333333	5910.49999999999	1375	2054.83333333333	1546.9	1271	2932.4	3679.96666666667	4521.23333333333	8108.1	8182.06666666666	4784.26666666667	4425.16666666667	3570.73333333333	889.166666666666	5689.66666666667	4391.4	3197.53333333333	2628.1	14588.6666666667	4769.43333333333	15407.9666666667	3757.4	2281.26666666667	2671.56666666667	2900.43333333333	915.266666666666	1089.1	2902.6	1951.5	946.6	6110.23333333333	2046.3	4071.66666666667	1688.46666666667	1281.96666666667	574.9	2202.5	3538	1589.2	2946.93333333333	2207.2	696.266666666666	24.2	854.533333333333	2285.76666666667	3550.4	6009.66666666667	2205.46666666667	4135.36666666667	8689.86666666667	2542.3	1117.96666666667	1373.13333333333	6579.93333333333	1251.1	6361.96666666666	5863.5	2872.4	6643.4	7418.5
Cell Envelope, Capsule and Slime layer; Gram-Negative (Diderm) cell wall components	30807.4	25643.6166666667	34521.1166666667	6652.38333333333	9479.91666666665	13269.0833333333	7721.11666666667	12825.05	15265.7166666667	32739.15	73690.7333333333	62531.6	54508.8833333333	28091.85	21936.2833333333	2103.71666666667	72017.4333333333	41311.0666666667	12382.85	12540.7666666666	37369.5333333333	6899.53333333333	24443.3166666667	4312.66666666667	8913.68333333333	14103.5333333333	8182.4	8140.61666666666	3359.66666666667	23011.1	6820.04999999999	4078.58333333333	15184.0166666667	12778.2166666667	27279.9833333334	9976.5	6946.28333333334	925.216666666666	12942.8333333333	16610.6166666667	6592.36666666666	12685.8833333333	11370.5	5468.95	106.616666666667	8556.14999999998	9472.96666666667	17779.9833333334	57338.1500000001	9683.33333333332	15435.1333333333	22735.3833333333	6713.53333333333	12032.9833333333	16398.1833333333	16874.7166666667	5099.55	138515.5	79104.1833333332	16195.8666666667	76944.0166666666	76563.5333333333
Cell Envelope, Capsule and Slime layer; Gram-Positive (Monoderm) cell wall components	112.571428571429	98.7142857142857	99	67.2857142857143	179.857142857143	32.1428571428571	33.1428571428571	94.0000000000001	71.5714285714286	506.571428571429	262.857142857143	198.285714285714	131.142857142857	335.285714285714	436	30.2857142857143	161.428571428571	395.142857142857	372.285714285714	182.571428571428	125	44.1428571428572	156.857142857143	44.1428571428571	75.4285714285714	105.285714285714	330.428571428571	22.1428571428571	18.2857142857143	116	220.571428571429	31.4285714285714	180	37.7142857142857	1340.14285714286	68.7142857142858	31.2857142857143	4	75.4285714285715	187.571428571429	52.1428571428572	154	200.428571428571	35.5714285714286	1.28571428571429	60.2857142857143	1109.28571428571	1370.42857142857	283.142857142857	311.571428571429	829.428571428571	127.285714285714	28.2857142857143	4.85714285714286	9	139.857142857143	63.7142857142857	6994	190.142857142857	84	318.285714285715	194
Cell Envelope, Capsule and Slime layer; Peptidoglycan (Bacteria) or other polymers (Archaea)	430	523	506	82.5	128	166	165	209	515.5	861	748.5	1001.5	1276	779	538	29	943.5	291	206	173	1470.5	348	468.5	39	103.5	179.5	281.5	94	82	158.5	319.5	38.5	250.5	146	601.5	146	106.5	37	167	214	62	215	1012	73.5	2	103.5	476.5	1064.5	583	202.5	345.5	873	204.5	158	259.5	242	37.5	1640.5	868	187.5	790.5	894
Cell Envelope, Capsule and Slime layer; S-layer	1070.75	1245.75	751	338.5	402.75	244.25	791.75	630	1092.25	2085.75	4132.25	3290	2192.25	2561.5	2346.5	172.75	1315.25	1253.75	636.5	552.25	2923.25	572.5	2088	305.75	396.5	598	1115.25	110.25	251.5	768.75	589.75	251.75	1297	418	1487.25	408.5	303.25	93.25	629.25	1228.25	397.5	543.25	1729.25	215	4.75	344.5	1296.75	2633.5	4504.5	676.5	1326.25	2367.75	667.75	137.25	150.75	1694.75	387.75	2963	2769.75	869.75	2946.5	3448
Clustering-based subsystems; Cell Division	2210.16666666667	1799.91666666667	2435.75	310.916666666667	577.833333333333	831	557.75	713.083333333334	1647.66666666667	2291.58333333333	3405.16666666667	3522.5	2600.58333333333	2247.41666666667	2008.5	129.083333333333	2444.91666666667	2607	647.083333333333	664.083333333333	5474.24999999999	1243.16666666667	3114.5	446.5	595.583333333333	733.083333333334	823.916666666667	360	298.25	1731	650.916666666667	178.916666666667	2331.66666666666	938.5	1653.16666666667	484.166666666667	352.916666666667	132.666666666667	693.25	1795.5	552.666666666666	1203.83333333333	700.666666666667	223.5	8.75	346.75	791	1592.91666666667	3032	869.666666666666	1913.25	3141	940.083333333333	700.5	847.583333333333	2283.75	676.083333333333	1724.41666666667	2440.58333333333	1335.41666666667	2907.66666666667	3126
Clustering-based subsystems; Clustering-based subsystems	842	172.5	741.5	95.8333333333333	102.166666666667	34	122.5	166.666666666667	77	380.333333333333	505.5	750.166666666667	333.666666666667	353.5	102.5	15	47.8333333333333	2257.5	78.6666666666667	95	1.5	6.5	47.3333333333333	1	160.166666666667	93.1666666666667	46	35.5	100.5	2171	20.5	61.1666666666667	32.5	925.666666666667	739	85.6666666666667	129.5	0	342	107.166666666667	56.8333333333333	7.5	8.5	10	1	138.5	24.6666666666667	23.1666666666667	88.8333333333333	162.833333333333	51.1666666666667	13.5	3	10.6666666666667	65.1666666666667	0.5	10	1696.5	1407.66666666667	558.333333333333	1208.33333333333	1501
Cofactors, Vitamins, Prosthetic Groups; 	7642.5	8113	7949	774	1120.75	787.75	1459	1617.5	2961	5418	11835.25	6958.75	6954.5	2833.5	1265.75	315.75	3981.5	12777.5	1565.25	1577.75	8490.25	1589.75	9414.5	1484.75	1392.5	2090.5	585.75	523.75	662.75	9258.25	239.75	623.75	9343.75	4520	7267.5	1349.75	1300	375.5	2440	5293	2020.25	3139.25	119.5	1931.75	31	1695.5	498.5	966.25	1554	6645	15166.25	9945	2873.5	628.25	1151.5	8363.5	2365.25	7848.75	10570	2167.5	13751	19551
Cofactors, Vitamins, Prosthetic Groups; Biotin	17996.8333333333	17840.4166666667	18064.8333333333	7851.75000000003	8465.33333333336	15721.5833333335	5343.25	10066.0833333333	14288.5833333333	19864.1666666667	30631.4999999999	34742.0833333333	26467.6666666669	25648.3333333334	29017.2499999999	5459.00000000001	16196.0833333333	23955.25	9626.83333333334	8786.83333333336	38296	10366.6666666667	39884.0000000003	7713.41666666662	11052.3333333333	9484.75000000003	8878.91666666666	10490.6666666666	5566.91666666666	14545.8333333333	10644.4166666666	5789.9166666667	36377.5833333333	9184.33333333335	17580.6666666667	8371.33333333334	5325.08333333334	1206.66666666667	7135.00000000008	23711.1666666666	10091	17015.4166666668	14656.8333333333	4717	168.333333333333	3845.16666666667	9444.49999999999	20260.25	22071.0833333333	11717.4166666667	24642.6666666667	28388.7500000001	7904.16666666668	16135.6666666666	21195.1666666666	28876.1666666666	9874.58333333335	36979.3333333333	28960	16139.4166666667	30285.5	34874
Cofactors, Vitamins, Prosthetic Groups; Carotenoids	571.5	523.666666666667	661.666666666667	243	263.5	287.666666666667	155.5	338.166666666667	206.5	950.666666666667	800	583.666666666667	526.666666666667	856.833333333333	718	68.5	154.833333333333	157	440	553.833333333333	749.5	84.8333333333333	1168.66666666667	137.5	310.666666666667	484.333333333333	362.833333333333	114.166666666667	160.666666666667	134	151	203.833333333333	240	298.5	651	349	400.5	23.5	685.5	384.5	184.166666666667	57.5	14	274.5	0	110	256.333333333333	659.833333333333	380.5	361.833333333333	409.833333333333	316.666666666667	121.5	22.8333333333333	45.6666666666667	185	68.5	358.166666666667	852	488.666666666667	1123.16666666667	1205.5
Cofactors, Vitamins, Prosthetic Groups; Coenzyme A	7084.5	4604.5	8809.75	1897	2213	4067	1141.5	2439	5648	6938.75	8445.25	7432.25	7991.75	6012.75	3329.75	1130.5	9109.5	7888.5	2449.5	2193.25	11194.5	2983.5	6161.5	1727.5	2859.25	2554.25	3208.25	2023.25	1383.75	6310.5	2606	1448.5	6492.75	2951	6158.75	2433.25	1416.75	255.5	2014.25	4304.25	2287.25	4316.5	5340.25	1318.5	33.5	963.25	3479.75	6192	6029.5	3148.5	6603.25	6734	1996.5	4538.25	5836.5	6491.5	1692.25	11018.75	7405.25	4793.5	7809.75	8286.5
Cofactors, Vitamins, Prosthetic Groups; Coenzyme B	0	0	0	2	0	124	0	2	0	1	0	1.5	1	0	0	0	0	0	0	2	0	1	3	31	25	1	2	13	2	1	0	0	0	0	0	16.5	14	0	2	0	2	19	1	0	0	0	0	7	1	0	0	0	0	137	174	1	0	0	0	12	0	0
Cofactors, Vitamins, Prosthetic Groups; Coenzyme F420	219	160	319	324	775	4882	73	438	1232	470	223	702	857	323	225	111	62	569	387	334	6106	1138	4385	1590	1291.66666666667	337	301	2928	30	70.6666666666667	58	68	5410	156	166	1191.33333333333	631	213	329	3828	1260.66666666667	5843	15	36	27	144	276	562	46	1354	3401	4752	1388	6261	8367	5901	2111	87	101	6250	626	263
Cofactors, Vitamins, Prosthetic Groups; Fe-S clusters	17293.5	11169.5	20681.3333333333	3279.66666666667	4653.83333333333	9873.5	3860	5636.16666666667	11358.1666666667	14393	19479.1666666667	24752	16194	15463.8333333333	14723.1666666667	1965.33333333333	12474.8333333333	9577	5490.83333333333	5493	38588	9214.33333333333	25104	5224.33333333333	5635.16666666667	5625.83333333333	6376.83333333333	5528.33333333333	2736.5	5761.66666666667	5462.83333333333	2293.5	19264.6666666667	3854	9382.33333333333	4916.33333333333	3397.83333333333	1070	4914.83333333333	14757.3333333333	5109.66666666667	13967.6666666667	6007.33333333333	2639.66666666667	85	2693.33333333333	5839.66666666667	10914.8333333333	20370.6666666667	7489.33333333333	17195.8333333333	26669.1666666667	8098.66666666667	10256	13890.3333333333	24500	6136.16666666667	25769.6666666667	18646.5	14763.1666666667	21258.3333333333	21586.8333333333
Cofactors, Vitamins, Prosthetic Groups; Folate and pterines	37463.9166666666	26351.1833333333	42426.8166666667	11380.7333333333	11737.65	13875.9833333333	11360.3666666667	14322.8666666667	25036.9166666667	39242.4	54896.5833333333	53420.2666666666	45749.9166666667	37324.3833333333	38243.4666666667	8899.81666666667	41695.8	30249.65	16368.1666666667	15330.4833333334	77116.7	16537.4333333333	42101.0999999999	7606.65	14680.45	16060.7833333334	19730.8166666667	8133.83333333334	9462.04999999999	24366.2833333334	17721.5166666667	9271.56666666666	48130.8666666667	15637.8666666667	30986.5833333334	12498.5166666667	8023.66666666666	2289.53333333333	12488.0666666667	34745.2500000001	15011.5333333333	24978.7166666667	27989.8833333333	7793.70000000001	227.533333333333	7140.01666666666	21877.6333333333	38862.3166666667	45275.3833333334	19027.2	40249.2	56354.9	15881.8166666667	12679.4166666667	16957.0333333333	46610.1666666667	15445.3166666667	77145.55	54937.4833333333	31181.8833333334	58729.5166666667	62922.0833333332
Cofactors, Vitamins, Prosthetic Groups; Lipoic acid	13538.1	12709.5833333333	14909.4	5805.49999999998	6193.48333333331	9278.73333333332	4690.98333333334	6960.29999999994	14314.8	17301.4166666667	24450.3000000001	27738.6166666668	17600.2333333333	17097.6833333333	16910.8	5158.46666666666	12333.9833333333	11906.95	7805.64999999996	7191.21666666664	32388.3000000001	8419.64999999998	24710.65	4881.03333333333	7732.41666666665	7665.94999999996	9175.43333333333	5652.31666666666	5322.1	8755.36666666665	8873.93333333333	4548.38333333333	18602.7166666667	6015.86666666666	13980.0333333333	6730.21666666662	4211.56666666667	1015.03333333333	5818.06666666663	14373.5333333333	6508.63333333332	11604.4333333333	12476.0666666667	3423.76666666667	103.1	2864.31666666667	9531.76666666666	16559.25	27281.7	8459.05	17891.65	21813.2166666667	6424.68333333333	9174.95	12789.5	17537.0666666667	5995.71666666666	25521.0833333334	19752.1000000001	13116.0166666667	21912	23793.4666666668
Cofactors, Vitamins, Prosthetic Groups; Mycofactocin	149	61	236	94	163	110	10	213	39	105	124	715	473	108	57	20	13	18	179	79	4163	1281	3130	634	82	179	19	29	10	14	7	32	5793	97	272	79	56	189	154	3103	1090	2245	6	14	16	26	253	529	7	2474	5973	4315	1184	102	122	3719	1316	19	26	456	73	65
Cofactors, Vitamins, Prosthetic Groups; NAD and NADP	13114.6666666667	12275.1666666667	15620	4531	5372.5	12443.3333333333	4171.5	5740.50000000001	11677.1666666667	17750.5	27353.5	27621.3333333333	18133.1666666667	14207.8333333333	9913.50000000001	4425	14335.3333333333	13463.3333333333	6785.83333333334	6529.16666666667	26749.6666666667	6943.5	15348.5	4167.5	7541.5	6115.66666666667	8921.5	5759.5	4746.5	12292	7713.83333333334	4035	16338.6666666667	6721.83333333333	15505.6666666667	5664.66666666666	3733.5	725.833333333333	4885.33333333334	12765	5348.00000000001	12054.5	11884.8333333333	3332.66666666667	90.8333333333333	2742.83333333334	9992.49999999999	17619.1666666667	29624.8333333333	7008.33333333334	13756.1666666667	18482.6666666667	5809.83333333334	13375	17697.5	17064.8333333333	5461.83333333333	28490	22447.6666666667	13732.5	21852.5	26374.6666666667
Cofactors, Vitamins, Prosthetic Groups; Pyridoxine	10618.25	8293.5	12132	3688	4023.25	5811.25	2852.75	4638.5	8104	10361.75	16627.75	15662	14229	9817	9517.5	3016.25	16298.75	9048.25	5258.25	5089.75	18949	5400.5	14239.75	2967.75	5251.75	4939	6030.08333333333	3530	3299.75	6552.75	5185.25	3013.25	10201	4347.25	8989.75	4292.5	2642.75	570.25	4074.75	7804.75	4011.75	7482.75	8262.25	2764.25	65.25	2131.75	5360	8475.25	13126.25	4582.5	8686	12680.25	3818.25	5060.75	7089.5	11231.75	3193.75	26598.5	16187	7722.25	17709	17946.25
Cofactors, Vitamins, Prosthetic Groups; Quinone cofactors	13518.5	9254.5	15447	2840.5	4302	11202	3652	4878	7121	15639.5	25982	25065.5	21714.5	15982	14218.5	2459.5	19440.5	15405.5	6051	5472	32091.5	5587	19919.5	4453.5	6488	5313.5	7555	6661.5	2766.5	11412	6348.5	2339.5	20978.5	6427	14974.5	4803	3209	883	4625	14164.5	5409	15349	13263.5	2156	99	3289.5	9192	18432.5	20952	8998.5	20511.5	21692.5	6330.5	11574	16140.5	20574.5	6755	38055	27662.5	15592.5	29178	28524.5
Cofactors, Vitamins, Prosthetic Groups; Riboflavin, FMN, FAD	3019.33333333333	2827.33333333333	3466	1241.83333333333	1641.16666666667	6023.83333333333	708.833333333333	1436.16666666667	2820.16666666667	3531.33333333333	4930.83333333333	4585.83333333333	4056.83333333333	2376.5	1933.33333333333	808.166666666667	3809.5	3775.66666666667	1522.16666666667	1418.16666666667	4031	1197.66666666667	2996.16666666667	1922.33333333333	2481.5	1456	1864.33333333333	3437.83333333333	930.5	2712	1296	803	3358.5	1669	3032.83333333333	1873	1174.33333333333	148.5	1011.5	3106.16666666667	1399.5	5575.33333333333	2378.66666666667	745.333333333333	32.8333333333333	702.333333333333	1707.66666666667	2865.16666666667	3445.66666666667	1543	3091	3022.66666666667	818.166666666667	6756.66666666667	9289.16666666666	4067.66666666667	1516.16666666667	6441	4763.66666666667	6388.16666666667	5361.33333333334	5746
Cofactors, Vitamins, Prosthetic Groups; Tetrapyrroles	25934.3333333333	21317.0833333333	27176.3333333333	7727.08333333334	9834.24999999998	27053.1666666667	6687.25	10016.6666666667	17708.6666666667	26348.8333333334	42772.0833333333	46878	29890.25	25162.3333333333	23119.5	5744.91666666667	20956.4166666666	29249.9166666667	11898.25	10807.75	53092.3333333333	12015.6666666667	37431.5833333333	10681.6666666667	13821	10436.5833333333	13100.5833333333	15617.5833333333	6489.66666666667	21804.25	9933.75	6078	44264.3333333333	12739.3333333333	23689.1666666666	11808.1666666667	8323.25	1435.83333333333	10496.75	25340.25	10801.25	31823.6666666667	8682.91666666666	7567.91666666667	250.333333333333	5488	11347.9166666667	22024	35703.3333333333	9392.75	16737.1666666667	33326.0833333333	9802	30845.25	42035.5	39869.0833333333	11903.5	38106.75	36189.75	41205.8333333333	44286.1666666667	53452.0833333334
Cofactors, Vitamins, Prosthetic Groups; Thiamin	5241	2582	5588.33333333333	1467.66666666667	2170.33333333333	8003	1424	1559.66666666667	2724.66666666667	6463	6676.66666666667	7728	8673	6094.33333333333	6513.66666666666	951.333333333333	7812.33333333333	4672	1644.33333333333	1565	11252	2472.33333333333	5364	2469.33333333333	3153.66666666667	1501.33333333333	3411.33333333333	5678.33333333333	1050	3103.66666666667	1229.33333333333	630	10633.6666666667	1858	4456.33333333333	2715.33333333333	1547.33333333333	387	1079.33333333333	5547.33333333333	2381.66666666667	7489.66666666667	4132.33333333333	571.666666666667	67	1013.33333333333	3725.66666666667	7951.33333333333	5686.66666666667	3083.33333333333	6785.33333333333	8647.66666666667	2362.66666666667	8948	11724.3333333333	8514	2714.66666666667	14356.6666666667	7742	7107.66666666667	7484.33333333333	8766.33333333334
DNA Processing; 	3782	5725	5051	1391	2270	6402	3182	3016	5444	13315	22083	22965	8162	29534	30790	943	1459	3283	4094	3333	39295	8538	33852	1548	3738	3357	3278	1145	727	2092	3907	643	12459	1515	3261	2429	1698	1273	3224	13091	3274	13769	3311	1559	65	1630	3749	6648	14309	3652	2636	30719	9728	3297	3578	31983	5949	12746	5841	11017	15744	12019
DNA Processing; DNA recombination	11789	8439	13894	1966	2905	2873	3198	3637	8931	11857	18911	17932	13358	11699	12341	1357	11450	8578	3826	3859	22431	5259	14515	2428	2957	3940	4258	1462	2122	6673	4354	1359	10770	3218	7894	2610	1846	634	3395	7449	2845	5043	5797	1769	41	1929	4871	9371	15592	4684	10099	16109	4719	2060	3151	10914	3068	19651	15493	5870	15862	17607
DNA Processing; DNA repair	91124.9166666665	69576.1666666667	104604.833333333	22035.1666666667	30946.5833333335	54550.3333333334	29547.8333333334	35774.7500000002	66757.9166666666	111078.499999999	166909.833333333	173426.916666667	129694.833333332	110643.083333333	110018.75	15667.75	112930.499999999	94000.9166666664	35523.5833333335	36284.1666666669	206805.833333333	52947.5833333333	133037.083333333	26364	37954.5833333334	38476.5000000001	50583.6666666666	32087.6666666668	19502.9166666667	64063.8333333334	41081	16415	114476.083333333	37960.4166666668	86394.9999999999	30715.8333333335	20799.0833333334	6021.99999999999	32314.3333333335	79241.9166666661	30957.4166666668	74098.5833333331	57826.25	16428.75	615.166666666667	19357.8333333334	53801.8333333332	108938.666666666	155662.916666667	49432.0000000001	108766.583333333	142152.166666666	41591.3333333333	53134.1666666667	72203.9166666666	113968.166666666	33167.7500000001	217984.583333333	150267.916666667	79671.9166666666	156745.499999999	174135.25
DNA Processing; DNA replication	9285.16666666666	7092.5	10802.8333333333	1806.33333333334	4294.83333333333	24872.6666666666	2251.5	2738.83333333334	6421.83333333333	8661.66666666668	13614.5	16015.6666666667	10747	8536.16666666667	7674.33333333333	581	5967.5	7713.66666666667	2042.66666666667	2035.5	16109.5	3865.16666666667	8117.33333333332	6065.33333333333	5837.83333333333	2547.16666666667	3199.5	13847.5	1010.66666666667	5265.16666666667	2401.66666666666	585	12110.8333333333	2156.66666666667	5802.16666666667	5384.83333333334	3327.83333333333	458	2382.5	9450.33333333333	3558.83333333333	21107.6666666667	2815.33333333333	1508.16666666667	144.333333333333	1821.33333333333	3024.5	6972.83333333333	12518.8333333333	3778.16666666667	7528.5	10983.6666666667	3145.5	30031	36226	14051.5	4374	13794.8333333333	11072	19542.5	16214	17621.6666666667
DNA Processing; DNA sulfur modification	227	89	58	62	128	123	4	192	47	374	114	357	199	100	1771	22	42	13	150	128	21	9	87	145	279	108	43	769	17	41	10	42	180	67	709	109	181	2	173	195	80	237	6	16	2	38	587	253	58	124	56	661	181	415	788	121	101	135	589	407	492	308
DNA Processing; DNA uptake, competence	11993.9166666667	9076.33333333333	13257.25	2117.41666666667	3465.41666666667	2991.41666666667	5505.41666666667	4143.58333333333	8608.58333333333	19839.1666666667	23764.6666666667	28705.0833333333	22576.9166666667	20090.5833333333	23123.6666666667	1535.66666666667	13423.1666666667	9177.75	4414.66666666667	3989	29635	7336.33333333333	15863.25	2677.91666666667	3854	4047.66666666667	7757.16666666667	1507.91666666667	2033.75	6659.41666666667	5733.66666666667	1496.33333333333	16320.6666666667	3665.83333333333	15525.8333333333	2624.66666666667	1877.08333333333	710.916666666667	3467.25	11263.5	3866.16666666667	6736.41666666667	16842.75	2120.25	76.5	2738.08333333333	11545.9166666667	23648.5833333333	26363	6440	14750.3333333333	21378.9166666667	5911.33333333333	2017.75	3003	15610.5	4919	29497.75	21581.0833333333	9377.33333333333	21474.6666666667	25429.5833333333
Energy and Precursor Metabolites Generation; Central Metabolism	146021.849999999	116894.133333333	158497.166666668	51147.433333333	55201.5333333333	73319.1500000002	36674.7500000001	67070.1166666669	103231.2	145005.849999999	234664.966666667	218421.883333333	174311.516666666	151626.383333333	143923.016666666	38695.6166666669	146908.866666666	171751.616666666	71144.7833333333	66817.1833333331	332610.633333334	76430.4166666668	231118.150000002	40248.4166666666	70084.8999999996	69923.0166666668	76308.3999999995	45650.0666666663	42475.5833333335	131665.116666666	74913.3	39710.5833333332	193980.416666668	73916.7833333331	147451.183333334	57455.8666666663	38091.8500000002	9709.65000000002	58273.6666666658	142584.049999999	61047.4999999997	112885.783333332	90500.0166666663	36096.45	878.516666666667	30181.8166666668	70251.5166666664	126293.816666666	176206.433333332	89659.4666666668	187814.5	221471.116666668	64286.7166666666	69719.8166666668	95373.1333333331	199203.733333334	59524.4833333335	323559.683333331	224632.649999999	127274.549999999	234538.383333334	265254.75
Energy and Precursor Metabolites Generation; Fermentation	10629.3333333333	8220.66666666666	11480.6666666667	6480.5	6264.75	12073.25	2247.5	6705.25000000002	8792.33333333334	10453.4166666667	17292.4166666667	14465.3333333334	18090.75	9129.41666666667	7239.74999999999	4624.58333333334	23038.8333333333	11568	6584.66666666668	6744.00000000001	24027.75	5587.58333333333	14966	4682	8577	7207.08333333335	8371.16666666667	7369.33333333333	4635.5	11441.3333333333	6954.33333333333	5261.41666666667	17833	8129.00000000001	9227.41666666666	7698.66666666669	4053	725.916666666666	5020.08333333334	12643	7275.83333333335	14781.6666666667	7603.33333333333	3620.08333333333	84	2721.16666666667	6009.41666666668	9316.08333333334	7637.83333333332	8310.91666666668	17687	13758.3333333334	3991.33333333333	13853.0833333333	18684.75	18804.9166666667	5718.08333333334	41084.1666666666	22833.25	14066.5833333334	21729.4166666667	21892.9166666666
Energy and Precursor Metabolites Generation; Methanogenesis	459	281	300.5	126.5	98.5	21.5	47.5	215	133	110	78.5	81	24	347.5	169.5	17	79	2702	403	333	0	13	206	1.5	191	219.5	45.5	55.5	104	2531	18.5	72	4	906.5	671	115	69	0	300.5	54.5	47	11	10	215	0	32	47.5	71.5	123	57	17	16	7	18.5	27.5	11	8	1015.5	196	24	316	550.5
Fatty Acids, Lipids, and Isoprenoids; 	298	202	153	139.5	145	63	62.5	217.5	102	286.5	164	1400	175.5	568.5	155.5	23	57.5	82.5	347	253.5	432	432	257.5	5	141.5	265	479.5	44	88	94.5	163	44.5	36	65	323.5	137	85.5	15	270.5	56	49.5	3	8	24.5	0	74.5	59	172	78	86	44.5	655.5	124	3	14	69.5	2.5	22.5	221.5	8	226.5	1105
Fatty Acids, Lipids, and Isoprenoids; Fatty acids	50751.1904761909	42593.4047619047	50708.6666666667	21617.011904762	21732.9523809523	35308.7976190477	15649.9642857142	26707.0833333334	36849.3571428572	59145.1071428569	100111.035714286	100447.345238095	68516.9642857142	76928.845238095	85473.8333333328	13183.5119047619	59156.1428571429	64075.2142857143	28141.4285714286	24201.5238095238	127808.75	29246.5476190475	92871.3690476183	17397.2142857143	30420.892857143	27576.3452380953	35464.4761904762	20576.2976190477	14653.3452380952	42731.0000000001	33559.3571428572	15420.6428571428	85135.0833333333	24954.4880952381	58454.0476190474	23553.4047619048	14368.8452380952	3379.33333333333	22328.392857143	59600.773809524	26159.1309523811	42699.5833333334	43554.9761904763	12637.5238095238	406.761904761905	10382.7619047619	37554.3452380955	71416.7261904762	90617.6309523811	42514.8571428571	93888.8928571427	76875.5119047621	22679.5952380952	31785.7857142858	43255.7499999999	74953.5357142859	23147.2380952381	91762.1666666668	78625.7142857141	41003.9999999999	85270.0952380949	91494.333333333
Fatty Acids, Lipids, and Isoprenoids; Isoprenoids	8244.5	8476.5	8892.5	4289	4471	6392	3914	5106	6251	12840	15350	15551.5	11797.5	11628.5	10493	3321	7895.5	7105.5	5127	5029	24890.5	4753	19312.5	3322	5669	5541	6708.5	3982	3623.5	5392	7573	3302	15541	4100	7636	5078	2871	618	3879	11139	5285.5	9418.5	8436	2451.5	80.5	1979.5	5333.5	9737.5	12036.5	6742.5	14391	16007.5	4758.5	5390.5	7848.5	15737.5	4768.5	14722.5	12336	11525.5	13569.5	15971
Fatty Acids, Lipids, and Isoprenoids; Phospholipids	19835.3380952381	14507.680952381	18865	8731.28571428572	8805.02380952379	13500.9428571429	5939.14285714286	10058.4666666666	14119.6714285714	20921.7047619048	36231.5571428572	36092.4190476191	30757.342857143	20706.7857142857	21606.9666666667	6536.28571428571	32596.5952380953	28776.4428571429	11146.6857142857	10203.2714285714	40970	11038.3428571429	27494.4571428571	6643.10952380951	11946.6285714286	10942.5857142857	12333.9619047619	7669.6761904762	6894.81904761904	22795.8666666667	11063.7380952381	6154.79523809524	26385.8	13042.1476190476	18212.6428571429	9518.1476190476	5491.38571428571	1247.3	7882.92857142857	18995.0714285714	9091.20952380953	17177.7	12331.4952380952	5236.60476190476	125.852380952381	4247.18571428572	9891.48571428573	17448.3952380952	28684.8095238096	13882.6714285714	31269.8285714286	26245.1857142858	7805.38571428571	12333.1238095238	17184.6	27213.2238095238	8548.24761904761	53549.9333333334	31591.6428571429	17194.9666666667	37605.2523809524	34100.3333333334
Fatty Acids, Lipids, and Isoprenoids; Sphingolipids	4552	3400	6298	209	318	614	320	568	1410	2362	5651	2522	1485	859	358	91	144	1815	202	277	3974	796	1435	19	82	480	132	36	157	414	199	107	59	99	404	193	215	48	407	969	119	1363	29	27	7	280	29	176	604	72	65	1005	279	11	23	2192	43	218	1412	1142	1906	2461
Fatty Acids, Lipids, and Isoprenoids; Steroids and Hopanoids	4229	3998	4292.5	1082.5	1416	1991	751	2115.5	2495	3533.5	5218.5	3881	2799.5	4116	2950.5	410	1402.5	8309.5	3013.5	2261	6529	2111	12338	1896.5	3162.5	2732	1982	1060	632.5	5761.5	755	678.5	4911	3192.5	5194.5	1378.5	1174	172.5	2270	3388.5	1329	3001.5	931.5	1519	26.5	750	1425	2472.5	2886.5	2285.5	3908	3941.5	1166	1120.5	1555	5090.5	1428	6330	6688.5	3574	6037	8182.5
Fatty Acids, Lipids, and Isoprenoids; Unsaturated fatty acids	1000.5	295	1032.5	217	302.5	269.5	255	520.5	1154	1284.5	1561.5	466	1181.5	442.5	244.5	72.5	1209	1041	357.5	266	1820	1187.5	3370.5	266	441.5	436	497.5	55	178.5	1203.5	218.5	91.5	996	527	407.5	235.5	173	95.5	435	281	110.5	184.5	23	186	2	164	117.5	181.5	142	359	708	1295	514.5	19	53	445.5	68.5	1804.5	911	309.5	1959.5	1002
Iron acquisition and metabolism; 	7376.66666666667	1874.66666666667	8084	513.333333333333	1086.16666666667	998.166666666667	1866.83333333333	1446.5	3523.5	7493.66666666667	6742.83333333333	8907.16666666667	11867	9210.83333333334	11479.6666666667	343.666666666667	10961.8333333333	1310.5	1150.66666666667	997	15242.5	3332.5	3067.83333333333	1290	1268.5	835	3619.5	142.833333333333	351.5	1049.5	2451.5	196.333333333333	4426	738.333333333333	7776	544.833333333333	428.666666666667	383	876.5	2379	833.333333333333	3105	6272.33333333333	1080	18	1397.83333333333	6361.66666666667	13037.8333333333	9205.33333333333	1737.5	4223.83333333333	8509.83333333333	2586.16666666667	182	426.5	6104.83333333333	1160.5	23515.8333333333	10781.8333333333	3886.5	11374.5	13471.8333333333
Iron acquisition and metabolism; Siderophores	8558.66666666667	2666.16666666667	7602.16666666667	1380.83333333334	2157	1649.66666666667	1921.33333333333	3992.66666666668	2109.5	7198.16666666666	13200.3333333333	11237	21263	5421.5	5395.66666666667	1082.5	40913.6666666667	4359.5	3535.83333333334	2652.16666666667	5324	1751	2697.16666666667	1555.83333333333	6241	2031.5	11421.8333333333	1403.16666666667	1103.5	2369.5	2526.16666666667	1035.66666666667	3379.5	1991.83333333333	5124.5	1107.33333333333	1026.33333333334	139.833333333333	2127.16666666667	3327	1314.66666666667	1808.83333333333	5905.66666666666	1426	15	1845.83333333333	5600.5	12018.5	9659.83333333334	675.5	580.666666666667	4302.66666666667	1095.83333333333	809.166666666667	1368.83333333333	5223.5	1402.66666666667	51124.5	30176.6666666667	3385	18800.5	13815.3333333333
Membrane Transport; 	45190.1666666667	16874	56137.3333333333	2090.16666666667	4151.83333333333	3176.66666666667	37638.5	8208.66666666666	6038.33333333334	94535.3333333333	106006.5	28728	30236.1666666667	12083.8333333333	12670.6666666667	729.333333333333	26057	30210.1666666667	2847.5	4855.5	12719.1666666667	4487	5288.5	1363.5	1727.83333333333	5433.66666666667	1842.5	745.333333333333	1289.16666666667	12253	1395.66666666667	1330	5621.5	4931.83333333333	9898.83333333333	4206.5	2687.33333333333	575	5652.83333333333	21595.3333333333	2880.16666666667	934	3010.5	1532.83333333333	27	15681	2531.5	6664.33333333333	17695	2161.66666666667	3926.16666666667	12885	3842.5	825	1104.33333333333	4250	2146	45148.8333333333	74886.6666666667	8105.5	96861	188539.5
Membrane Transport; ABC transporters	29399.5	16784.1666666667	26203.1666666667	5425	7143	12735.8333333333	13504.1666666667	8774.16666666666	20734.3333333334	40783.1666666667	45162.3333333332	55225.3333333333	65984.3333333333	48857	53604.6666666666	3662.5	60383.3333333333	34319	11861.5	7852.33333333334	54648.6666666667	14049	31801.8333333333	6257.16666666666	12762	8509.99999999999	24071.1666666667	6640.33333333334	5208.16666666666	23912	19414.5	3677.33333333333	28107.8333333333	12556.6666666667	48525.8333333334	7220.66666666666	4960.83333333333	1647	8017.5	18798	7948.33333333334	13912.1666666667	48603.5	5840.5	144.833333333333	6602.16666666667	36459.5	69533.5	48667	8622.83333333333	16667.8333333333	36823	10968	9514.16666666667	13209.5	24358.3333333333	7862.5	125393.833333333	66656.3333333334	14569.8333333333	54531	65063.5000000001
Membrane Transport; Cation transporters	9848	7978.5	9819.5	2485	3483.5	5149.5	3754.5	4137.5	15084.5	15164	24803	19814.5	18783.5	15098.5	15259.5	1762	22434.5	16016	5016	4507.5	24968.5	5318	9580	2596	4706	4280	9023	2529	3217.5	12770	6591	1533.5	10053.5	5522.5	18299	3186.5	2381.5	520	4177.5	6704	2972	5980.5	8658.5	2401.5	55.5	3248.5	8733	17034.5	23324	6340.5	14273.5	10358	3386.5	4151.5	5962	10274	2655.5	40621.5	28246.5	7778.5	26465.5	29401.5
Membrane Transport; Multidrug efflux systems	56149.5	38901	63029.1666666667	5682	8972	7353	10661.5	13636.6666666667	29686.6666666667	44431	108903	76282	62139	27155.1666666667	16184.5	1968.5	87496.8333333333	83289.5	15701.6666666667	14193.8333333333	17463.5	6944	22466.5	4514.16666666667	13377	15315.1666666667	19378.5	3336	5272	50659	6477.5	4530	11824.5	22651.6666666667	54168.6666666667	8773	7877.16666666667	659.5	15913	13517.5	5458	5054	10527	11429	62	12349	13319.5	27317.5	68563	10201.5	17399.5	11438	3370	3041	5873.66666666667	8486.83333333333	3057.5	159993	105169	7543	107815.833333333	122129.833333333
Membrane Transport; Protein and nucleoprotein secretion system, Type IV	18542.25	26567.25	23191	2863	4346	5338	4399.75	6656	18912.25	18134.25	58181.75	72221.25	25556.75	20026.75	16787	1245.5	17118.5	31140.5	5959	6468.75	33605.25	7201	17461.5	1200.5	3466.75	6338.75	6077.75	981.75	1764.5	14534	5465	2062	13690.5	5117.25	19357.75	3711	2740.5	765.5	5867.25	10837.75	3627.25	4663	6851	3359.75	39.75	5472.5	8028.75	17504.5	75961	7420.5	15707.25	20273.25	5717.5	284.25	1064.75	17846.5	3844.75	38547.25	39328.75	7990.75	41706.75	53526.25
Membrane Transport; Protein secretion system	593.5	295.5	290	21.5	139.5	39.5	711	76	154	2397.5	2912	2799.5	4992	2883	3432.5	42.5	11007.5	1152.5	179	198	49	19	15.5	42.5	159.5	61	621	9	18	1064	749	21	101	293.5	1576	38.5	34	0	167	50	21.5	7	2617.5	160	0	201.5	1353	3170.5	1144.5	15	31	2.5	0	5.5	19.5	0	6	5136	1394	0	2635.5	951
Membrane Transport; Protein secretion system, Type I	3082	3078	3269	140	353.5	72.5	1268	585.5	577	2842.5	5334	4302.5	4336	663	223	49	5963	1605.5	282	395	5.5	38.5	189.5	12	114.5	445	60	53	49	207	66.5	142	34	102.5	504	305	207.5	18.5	433.5	395	113.5	7	31.5	541.5	1	1188	42.5	77	2585.5	57.5	141	23	20	32	84	1	17	41098.5	17956	53	11483.5	9392
Membrane Transport; Protein secretion system, Type II	16030	14074.75	19136.5	1618	2318.75	1697.5	2355.75	3845.5	6782.75	8180.75	25035.75	21551.25	11506	8930.75	4957.75	829.25	2458.75	18469.25	3879.75	3503.25	5141.25	4644.75	13606.75	571.5	2504	4150.5	3190.5	592.5	1012.5	10827.5	1893.25	1202.25	753.25	5388	13359	2159	1766.5	276	3742.75	1722	1023	319.5	4437.75	2084.5	2.5	2778.5	3144	6643.5	27090	1194.25	1434.75	3846	1318.25	98.75	754.25	1186.75	137.75	32032	24575.25	653.5	20493.5	30876.75
Membrane Transport; Protein secretion system, Type III	66.1666666666667	100.166666666667	258.666666666667	31.6666666666667	41.5	13.6666666666667	80.3333333333333	81.5	680.5	396.333333333333	605.666666666667	1837.83333333333	2640.33333333333	229.333333333333	52	12	2185.83333333333	285	43.1666666666667	73.3333333333333	16	13.6666666666667	40.6666666666667	0	58.3333333333333	69.6666666666667	68.1666666666667	22.3333333333333	22	20	57	81.5	5.33333333333333	64.5	189	58.6666666666667	122.666666666667	0	157.5	47.5	44	2.33333333333333	20.5	12	0	207.5	44.3333333333333	37.6666666666667	79	65	42.3333333333333	32.3333333333333	9.33333333333333	2	19	14	5.16666666666667	4659.5	2042.33333333333	3	3153.66666666667	1567.83333333333
Membrane Transport; Protein secretion system, Type VI	1374	1200	1349	446.5	666.5	116.5	235	801	1054	1314	15808.5	14601.5	10718	1396.5	793.5	113.5	33015	12040.5	1048	944	9	47	1496	4	700	1091.5	550	178	540.5	13696	135.5	309.5	42	2434.5	8989.5	605.5	577	3	1362.5	482.5	319	6.5	54.5	82.5	1	1807	151.5	120.5	16174	331.5	186	10.5	10	50	936.5	7.5	23	54040	28096.5	194	10786.5	22664.5
Membrane Transport; Protein secretion system, Type VII	1534	441	459	220	474.5	93.5	694	876	2609	1604	656	807	891	1447	7885	79	65	59	1061.5	491	626	1049	1261	173	1223	481.5	3140	65	789	740	856	58	279	60	2071	146.5	138.5	39	284	90	59	232	19	159	1	47	1701	2787.5	1950	92	97	854	299	17	25	349	25	111	277	23	125	247
Membrane Transport; Uni- Sym- and Antiporters	3739	2349.5	4753.5	413	764.5	2270	1193	932.5	866	5010.5	4634.5	8721	9260.5	3112	3591	225	7102	2095.5	627	660.5	12402.5	3655	1599	851	891.5	603	1032	1118.5	136.5	1201.5	757.5	171	5773	306	1413	871	642.5	373.5	753	4980	1558.5	4167.5	2208.5	627.5	38.5	943	2493.5	5094.5	4626.5	1127.5	2845	8105.5	2401.5	2829.5	3853	5867	2243.5	16049	6800.5	5059.5	8806.5	9187.5
Metabolite damage and its repair or mitigation; 	10116.5833333333	9409.25	11936.5	3376	3680.83333333333	6665.66666666667	3277.25	3965.16666666667	7579.16666666667	11997.5833333333	22647.4166666667	23056.9166666667	16560.5833333333	10044.8333333333	8507.16666666666	4000.41666666667	18750.6666666667	13763.4166666667	4792.83333333333	4606.91666666667	18218.1666666667	4200.16666666667	8579.33333333332	2043.25	5168.16666666667	4407	5916.91666666666	4392.41666666666	3787.66666666667	9718.66666666667	5820.08333333333	3384	12118.25	5959.66666666667	12136.3333333333	3984.33333333333	2511.83333333333	588.75	3246.16666666667	9234.25	4176.75	6758.5	8367.5	2284.08333333333	84.25	2931.75	5444.25	9492.25	20209.6666666667	6475.5	15236.1666666667	12949.3333333333	3423.41666666667	5959.16666666667	8072.33333333333	11410.0833333333	4130.33333333333	32377.25	23717.75	8221.5	23652.75	23673.4166666667
Microbial communities; 	918.333333333333	1036.66666666667	959.5	150.166666666667	384	235	1281.83333333333	449.5	2344.5	3856.83333333333	2214.33333333333	3935.5	4216.83333333333	2940.66666666667	1609.83333333333	100.166666666667	2529.16666666667	401	778.166666666667	434.5	5109.83333333333	1041.5	2493.5	410.166666666667	781.166666666667	366.333333333333	1960.83333333333	59.5	331.166666666667	452.833333333333	1489.5	96.8333333333333	2176.83333333333	131.833333333333	3058.33333333333	216.833333333333	182.166666666667	106.166666666667	331.333333333333	1135.5	383.166666666667	486.833333333333	7872.33333333333	377.666666666667	5.5	237	3508.33333333333	6887.16666666667	4745.16666666667	711.333333333333	1897.16666666667	2743.33333333333	809.166666666667	41.1666666666667	88.1666666666667	1810.16666666667	562.666666666667	2408.83333333333	2029.33333333333	638.166666666667	1625.16666666667	2013.5
Microbial communities; Quorum sensing and biofilm formation	366.166666666667	265.166666666667	474.666666666667	254.166666666667	379	967.666666666667	218.333333333333	530.5	840	1708.83333333333	2879.16666666667	4772.33333333333	4874.33333333333	1654.33333333333	5964	147	471.333333333333	407	423.666666666667	287.333333333333	4217.5	1181.16666666667	2923.66666666667	1130	1757.33333333333	321.166666666667	1898.66666666667	486.333333333333	44	108	257	35	4483.33333333333	90.5	1243.5	281.666666666667	163.666666666667	171	243	2078	633	1775.33333333333	499	334.5	14	338.5	1198.33333333333	2798.66666666667	3539	1160	2774.33333333333	3595.33333333333	1010.33333333333	822	1208	3967.5	1049.66666666667	27802.5	10352.8333333333	1668	5286.66666666667	1277.33333333333
Miscellaneous; 	12966.1666666667	9358.25	14326.3333333333	4825.75	4482.5	7492.75	2151.25	5442.25	5158.75	10873.5	23327	22808.5833333333	17989.6666666667	7771	7090.41666666667	1629.33333333333	19423.25	15328.9166666667	4029.83333333333	3575	18063.5	5006.16666666667	13074	3235.75	3687	4134.75	3844.25	3810.66666666667	1722.41666666667	9159.83333333333	2270.08333333333	1741.75	12434.25	6204.16666666667	12167.1666666667	3480.83333333333	2226.25	629.5	3328.33333333333	9041.66666666667	4261	7029.58333333333	4050.5	2330	73.5	2496.66666666667	4270.33333333333	8076.41666666667	18114.4166666667	4876.58333333333	10416.1666666667	12769.25	3848	6226.33333333333	7955.83333333333	12216.5	4212.08333333333	32011.5	21025.6666666667	10239.0833333333	21263.5	22337.6666666667
Miscellaneous; Betaine, crotonobetaine, L-carnitine (trimethyl ammonium compounds)	4160.5	3428	4062	2311	1742.5	2018	912.5	2189.5	3114	3846.5	7327.5	5976.5	4077.5	4578	4542	1968	2096	7225	2430	2288.5	3619	1418	5013	1660	2717.5	2265	2478	1244.5	1698	6282	2090.5	2329	4238.5	4073	5393.5	2017	1078	171.5	1474	3349	2021.5	1183.5	4737.5	1686.5	12.5	950	2444.5	3314	4909.5	2750	5525.5	2440	707	1153	1915	1702.5	1083.5	7933.5	5428.5	1994.5	6974	9060
Motility and Chemotaxis; 	11521	6166	13943	1019	1501	1035	2471	2266	3431	9271	27944	25925	14857	10504	9834	377	10832	15598	2340	2430	2311	1265	2976	126	1142	2712	2668	388	644	7126	2099	767	686	5415	14212	1376	1095	44	2788	1313	576	133	6036	2654	2	2670	5677	10452	31799	869	511	1834	566	78	770	348	98	24258	26440	793	22417	29431
Motility and Chemotaxis; Flagellum	34141	21742	40220	1955	2783.5	3558	7893.5	5243	16205	25239.5	53512	63560.5	49030	35010	33843.5	1058	42386	34836	5115	4410	6824.5	5246	11665.5	430	2627	4817	8475	723.5	2950	22792.5	9982	1359	2028	9641	35173.5	2705	2325.5	145	4939.5	3320	1184.5	117	17847	4412	4	5734.5	15266	30832	58825	1679.5	1369.5	6259.5	1614	182	1436	1530.5	145	84042	68952	936	54582.5	54794
Motility and Chemotaxis; Social motility and nonflagellar swimming in bacteria	0	3.5	0	0	2	0	10	0	1	22.5	2	8	123	0	0	0	0	0	0	2	0	0.5	1	0	0	1	0	0	0	1	1	0	0	0	38	2	2	0	2	0	0	0	0	0	0	13.5	0	1	1	0	0	0	0	0	0	0	0	0	0	0	214	2
Nitrogen Metabolism; 	3443.33333333333	2854.91666666667	1977.5	1253.75	1650.58333333333	2736.33333333333	1831.25	1755.16666666667	1535.66666666667	5900	7086.25	8333.33333333333	7665.91666666667	9722.5	10976.5	1273.41666666667	6842.41666666667	5253.41666666667	2368.08333333333	2016.91666666667	14789.5	3168.16666666667	8015.75	1315	2780.5	1890.91666666667	2135.91666666667	1962.91666666667	969	2345.75	1316.75	1149.16666666667	5162	1846.83333333333	3684.66666666667	1400.33333333333	1045.08333333333	532	1513.41666666667	3754.08333333333	1414.25	2818	2332.75	1266.75	35	1289.83333333333	2739.41666666667	5684.33333333333	3981	2752.41666666667	6450.5	11646.9166666667	3195.33333333333	1990.75	3439	4441.75	1215	13331.25	12885.25	4229.5	13891	10170.25
Nucleosides and Nucleotides; 	12578.5	7267.5	12694.5	3096	4180	6172.5	3226.5	4664.66666666667	8573.16666666667	13937	20022	21619	18735	13461.5	14012.5	2274	21425.3333333333	11823	4255.5	4370.66666666667	23265.5	6395	14082	2595.5	4419.5	4619	7062	4104	3002	8415.5	5206.5	2158	10692	4587	10312	4036.5	2703.66666666667	650	3824	9120	3699.66666666667	9666.33333333333	6707	1500	64	2391	7795.5	13913.5	24516	7556	15261.5	15320	4384	6663	8857	12230	3997	36236.5	21337.5	9037	21873.5	18875
Nucleosides and Nucleotides; Purines	24798.8333333333	18896.8333333334	26176.6666666667	8984.33333333335	10052.5	16403.3333333333	6562.16666666668	11089.5	16462.8333333333	28261.8333333333	37658.6666666666	39356.1666666667	30506.6666666667	26490.1666666667	22581.5	7245.66666666667	24955.1666666667	25786.8333333333	12714	11850.1666666666	59796.1666666667	14620.6666666667	37886.1666666667	7568	13653	11404.1666666667	18314	9752.83333333334	8091.16666666667	19893.6666666667	14831	7651.00000000001	31085.3333333333	13505.8333333333	26777.6666666667	10105.3333333333	6548.00000000001	1811	9381.99999999999	20772.3333333334	9479	21419.3333333333	18810	5857	152.833333333333	4867.83333333334	16590.1666666667	30752.1666666667	35143.6666666667	14431	30134.5	43415.3333333333	13027.8333333333	17051.8333333333	23703.8333333334	29875.3333333333	8636.33333333334	43518.4999999999	31830.8333333333	24745.6666666666	37348.1666666666	42872.8333333332
Nucleosides and Nucleotides; Pyrimidines	20166.5	15128.5	23016.5	7086	7377	10430.5	4233	8400.5	19566.5	21352.5	30704.5	27622.5	23721.5	20124.5	17812.5	6000.5	20539	23669	9912.5	9036.5	40440.5	9132.5	26166	5200	9621	9572.5	11985	7135	6816.5	18694	10232.5	5737	18256.5	11453	19821	7662	4738	1076	7029.5	13552.5	6804.5	10965.5	11788.5	5050.5	111	4238	12068	20975	23498.5	10404	21681	26824.5	7998.5	9466.5	13327	18752.5	5020	39282	27130	13443.5	32732.5	36229
Phosphate Metabolism; 	15731	11150	19145	1808	3182	2220	3165	4708	10971	14199	25936	25489	21002	10631	10605	870	19903	10960	3906	3886	32309	8206	13268	1418	3210	4135	7052	1365	2028	6513	4258	1154	14224	2923	11055	2746	2324	896	4601	9804	3367	6466	6736	1652	47	2635	8372	14589	25224	6071	13493	20917	6119	1882	2747	14996	3625	24505	20267	8670	23391	25070
Phosphate Metabolism; Phosphonate and phosphinate	554	342	272	614	363	296	124	516	236	659	443	153	616	608	248	56	417	4824	362	263	28	29	548	21	225	348	1548	53	154	4640	99	98	228	1764	4556	121	144	10	278	204	170	49	185	45	0	97	1464	1994	3374	222	306	17	15	17	61	186	45	2221	722	41	549	470
Photosynthesis; 	1135.5	1481	1425	497.5	851	2864.5	392.5	1012	1174	2495	4460	2007.5	1824.5	840.5	501	137.5	1806	2231.5	780	709.5	7800	1931	4896	756	1239.5	950.5	722.5	1638.5	384.5	1465.5	448	213.5	2880.5	807	1618.5	1042	717	227	991.5	2212.5	757	3566	91.5	174.5	35.5	591.5	220	610.5	1537.5	688	1150	5925	1533	3188.5	4188	3322	1145	5064.5	4703	3483	4234.5	5953
Photosynthesis; Electron transport and photophosphorylation	550	506.5	874	630.5	1416	214	116	1346.5	476	1364	652.5	465	711	755.5	724.5	187.5	1006.5	100	740.5	2644	519	174	566	39	453	1380	454.5	280	1001.5	674	489	1396.5	13	1852	880.5	1650.5	2290	17	2363	960	679	252	252	1370	4	184	216.5	537	694	676.5	319.5	254	78	90	122	75	24	3902	640	2016	1454.5	513
Photosynthesis; Light-harvesting complexes	26	38.5	34	8.5	5	0	2	7.5	21	15	24.5	0	0	34.5	11.5	3.5	3.5	2	2.5	4	0	0	12	0	2	9	0.5	4	4.5	5	1	12.5	0	1	4.5	10.5	17	0	33	5	2	0	2	60	0	0	2.5	3	7	6.5	5.5	0	0	0	0	0	0	0	0	0	5.5	1
Prokaryotic cell type differentiation; Heterocyst development	0	4	2	24.3333333333333	15.6666666666667	6	0	13.6666666666667	0	55.3333333333333	6	9.66666666666667	15.6666666666667	0	3	0	0.333333333333333	0	2.66666666666667	2	0	0	0.333333333333333	0	0.666666666666667	2.66666666666667	0	4	0	2	0	4.66666666666667	0	15.6666666666667	2	7.66666666666667	11	0	50	26.6666666666667	6.33333333333333	0	0	0	0	3	2.66666666666667	7.66666666666667	0.333333333333333	27.3333333333333	2.66666666666667	2	0	0.666666666666667	0.666666666666667	0	7	6	1.66666666666667	133.333333333333	62.3333333333333	15
Prokaryotic cell type differentiation; Sporulation	14982.5	11165.3333333333	10794.6666666667	1241.83333333333	2115.33333333333	1711.66666666667	11616.6666666667	3051.66666666667	6818.83333333333	37905.3333333333	18604.1666666667	47492.6666666666	39613.6666666667	57627.5	67998.1666666667	1224.5	7476.83333333333	6844.83333333333	5872.83333333333	2997.16666666667	16541.1666666667	4028.5	11191.8333333333	2331.66666666667	4820.5	3113.5	19930.5	502.833333333333	1150.5	4248	17245.6666666667	817.333333333333	11359.5	2141.16666666667	34958.6666666667	1669.16666666667	1433.66666666667	499.833333333333	2951.83333333333	7259.16666666667	2402	3653	46693.1666666667	3227.16666666667	27.5	2074	34108.6666666667	76338.5	54351.5	3419.16666666667	7347.16666666667	12322.3333333333	3301.5	159.666666666667	506.5	9766	2754.33333333333	13967.3333333333	16692.8333333333	4585	15889.8333333333	20580.8333333333
Prophages, Transposable elements, Plasmids; 	8906	2577	11921	148	289	209	216	657	1407	1126	3760	5889	2378	1198	229	124	128	572	223	291	54	49	743	1	149	415	59	45	74	169	43	98	97	120	225	190	154	75	367	410	135	49	42	650	3	601	84	92	2556	83	69	206	85	12	19	68	85	11457	1429	244	7283	6084
Prophages, Transposable elements, Plasmids; Pathogenicity islands	1	0	0	4	7	7	2	11	0	2	18	5	4	0	4	3	0	0	6	14	1	2	3	0	3	4	8	0	0	1	0	1	1	6	0	2	3	0	0.5	2	0	0	2	0	0	5	0	1	3	4	2.5	0	0	0	1	0	0	1	9	0	5	0
Prophages, Transposable elements, Plasmids; Phages, Prophages	3202	3344	3443	676	843	1381	912	1071	1022	5252	12160	16655	10267	3098	10548	235	35153	10856	789	887	6089	2462	4059	825	496	844.000000000001	832	172	226	2419	1662	311	4954	2687	1763	607	576	208	1254	3202	1043	2128	515	184	19	1308	760	1394	3731	1622	3508	4270	1107	324	447	5746	1754	78290	15361	2145	14148	7966
Prophages, Transposable elements, Plasmids; Plasmid related functions	15.5	20.3333333333333	18.5	10	11	13	53	19.6666666666667	35.3333333333333	37.6666666666667	156	215.333333333333	358.666666666667	122	12	3.66666666666667	51	24	21	49.8333333333333	266.333333333333	136.333333333333	487.666666666667	66.6666666666667	18.6666666666667	15.3333333333333	13.6666666666667	2.66666666666667	4.33333333333333	10	2.66666666666667	4	25.3333333333333	9.33333333333333	35	10.6666666666667	5	6.33333333333333	13	7.33333333333333	5	7.66666666666667	19	1	0.333333333333333	46	1.16666666666667	5.33333333333333	210	18.6666666666667	24	105	29.6666666666667	0.666666666666667	0.666666666666667	10.3333333333333	3.33333333333333	5.33333333333333	52.1666666666667	21.3333333333333	456	478.666666666667
Prophages, Transposable elements, Plasmids; Transposable elements	35	79	28	22	155	35	334	226	12	3974	8268	122	111	21	29	7	7	180	15	226	1	18	62	8	20	73	6	9	5	7	9	60	92	21	2	134	64	0	117	43	23	0	10	8	0	596	6	245	1	12	16	10	12	12	28	8	10	15	2648	32	1234	7648
Protein Fate (folding, modification, targeting, degradation); Protein degradation	22019	22168	24758.5	8613	8484	5474.5	6339	11385.5	16275.5	26463	50336.5	47449.5	28276	28799	29530	5997.5	21536.5	24505.5	11449.5	11433	44181.5	8966.5	31216	3597.5	9965.5	12026	11550.5	3364	6445	18271.5	12600.5	6637	17640	10552	28877	8612	5775.5	1290.5	10474.5	16039	7873	7849	18790	4597	70.5	5857.5	13542.5	22430.5	45734.5	9414	15750	27757	8700.5	2636	4075	18814	4871	51865.5	43438.5	10730	45727.5	54997
Protein Fate (folding, modification, targeting, degradation); Protein folding	24221.1666666667	19659.1666666667	29944.6666666667	11162	10915	10303.6666666667	4915.00000000001	13057.6666666668	16920	22087.3333333334	47529.0000000001	36637.4999999999	23943.6666666667	15838.8333333333	13273.3333333333	9825	30179.8333333333	24237.3333333333	13785.5	14172.6666666667	40865.5	10437.5	29972.8333333332	5396.16666666666	12134.3333333333	14001.8333333333	11755	7198.50000000001	10310.5	18672.5	12272.3333333333	9479.83333333334	19206.6666666667	12834.5	19604.3333333334	11936.1666666666	7292.5	1234.16666666667	10840	17688.8333333333	9563.33333333333	13253.1666666667	11849.5	6366.33333333335	99.3333333333333	5408.33333333334	8433	11871.1666666667	37718.8333333334	11910	21496.8333333333	27655.1666666667	7805.66666666667	7873.83333333333	11364	21006.5	6285.16666666667	59316.3333333332	40307.9999999999	15712.6666666667	41720.3333333334	45958.8333333332
Protein Fate (folding, modification, targeting, degradation); Protein glycosylation in Prokaryotes	860	753	639	154	262	52	472	408	549	1824	3332	4302	2101	2493	3262	94	123	635	402	333	7257	1191	2120	61	189	351	589	64	51	68	695	125	4202	133	760	229	222	186	386	2855	913	1874	1133	264	24	190	1728	2665	4578	1246	2824	5430	1453	35	45	4752	1732	210	1307	2141	1280	1764
Protein Fate (folding, modification, targeting, degradation); Protein processing and modification	10447.5	7665.16666666665	13218.8333333333	2605.5	3144.83333333333	6725	2210.66666666667	3769.16666666667	5959.33333333334	8909.66666666668	14237	12419	9383.66666666666	7555.83333333333	7595.16666666667	1902.83333333334	9345.66666666666	7125.66666666666	3321	3686.66666666667	14473.5	3520.16666666667	10161.6666666667	2231.33333333333	3576.33333333333	3849.5	3934.5	3898	2136.5	4023	3238.5	1926.5	6679.66666666666	2662.33333333334	7415.99999999999	3554.16666666666	2333.16666666667	426.333333333333	3181.99999999999	5904.99999999999	2637.16666666667	7501.16666666666	3493.5	1604.16666666667	42	1642.5	3527.33333333334	6603.66666666666	12056.6666666667	2518.66666666667	4453.16666666667	9134.16666666666	2635	7106.83333333333	9576.5	7909.66666666667	2319	15872.1666666666	12240.8333333333	7928.33333333333	13032.6666666667	14739
Protein Fate (folding, modification, targeting, degradation); Protein targeting, sorting, translocation	5861.5	4558	6743.5	982	1778	3256	1443	2522.5	5465.5	5668.5	9259.5	7999	5442.5	3749	2710	420.5	4616	5392	2530	1977	11786	4613.5	12243.5	3366.5	2789	2275.5	3247.5	1613	1046.5	3000.5	1729.5	514	5113.5	1404.5	4568	1620	1209	415.5	2082.5	3339.5	1151.5	4555	805	681	32	1109	1902.5	3704	7593	2362.5	4721.5	7587	2277.5	3158.5	4362.5	4441	1197.5	11447	7954	3641	9234	9776.5
Protein Fate (folding, modification, targeting, degradation); Selenoproteins	1382	1412	661	355	551	226	665	688	662	3182	3401	3574	4027	5002	5940	163	305	3111	1038	892	6865	1327	5122	548	753	1024	639	159	210	2182	1125	281	4928	1154	3087	466	425	193	919	2227	863	2148	2456	601	13	540	1517	3804	1440	1882	4587	5898	1469	43	149	5461	1282	10795	5790	2785	5471	4139
Protein Synthesis; 	23833.5500000001	19081.8666666667	28039.3833333334	7366.34999999998	8332.21666666664	9701.84999999998	7449.08333333332	9639.98333333332	16833.45	25336.1666666667	39025.3	37965.85	29830.1833333335	27396.5833333334	28967.3000000001	5518.36666666666	25238.8	17471.25	10454	10426.1666666667	46429.5666666667	10994.7333333333	30758.0166666667	5691.14999999999	10136.1	10344.9666666667	12094.5666666667	6308.04999999999	6399.14999999999	12588.3833333333	11861.6666666667	5760.83333333332	17800.1	8427.23333333332	18703.3	8602.89999999998	5370.41666666666	1265.48333333333	7955.84999999998	15605.4	7276.06666666666	11896.15	13817.2166666667	4902.68333333333	102.933333333333	4565.05	11868.9833333333	20794.35	35250.7333333334	9056.13333333333	17120.5333333334	31424.55	9230.36666666666	8290.58333333333	11984.5666666667	21486.3333333334	5566.8	42020.3833333334	34014.85	13895.2666666667	34758.4333333334	41034.0833333335
Protein Synthesis; Aminoacyl-tRNA-synthetases	53511.6666666667	47173.5000000001	64799.8333333333	20500	23320.8333333333	36396.5	16724.6666666667	26529.1666666666	43785.1666666667	64396.3333333333	98972.3333333333	101061.666666667	71121.8333333333	63258.8333333333	60613.1666666667	16896.6666666667	66238.3333333334	33634.8333333333	29549.3333333334	29158.1666666667	121882.666666667	27220.1666666667	81190	15134.3333333333	28554.6666666667	29553.5	31522	22848.8333333333	18165.6666666667	24246	33518.8333333334	16524.5	62977.6666666667	18622.1666666667	49148.6666666667	26344.5	16124.6666666667	3431.66666666666	22473.3333333333	52189.6666666666	23355.3333333333	48382.1666666667	45579.5	12691	382.666666666667	11291.6666666667	33798.3333333333	60608	96351.6666666666	28424.6666666667	59454.1666666667	83069.6666666665	24442.3333333333	36404	48080.3333333333	72832.1666666667	20763.1666666667	115672	84383.5000000001	52502.6666666667	86961.3333333334	93199.9999999999
Protein Synthesis; Ribosome biogenesis	27307.1666666667	24874.3333333333	30750.3333333333	16935.1666666667	16292.1666666667	20373.5	8116	17206.8333333333	27632.1666666667	28746.6666666667	43417.1666666667	39251.5	26389.5	26716.8333333333	23897.8333333333	17485.3333333333	30469	17758	20911.1666666667	22044.8333333333	54336.8333333333	14581.5	35165.8333333333	7691.66666666666	20690	19374.3333333333	20428.5	14747	17496.6666666667	18927.1666666667	22778.3333333333	15678.6666666667	23944.1666666667	17708	20780.3333333333	18953.3333333333	10534.3333333333	1449	12757.3333333333	25300.8333333333	14708	21308	22211.8333333333	9459.66666666666	146.5	5452.5	14149.5	18308.5	38015.3333333333	15182.1666666667	28992	36400.8333333333	10488.8333333333	19726.1666666667	27402.3333333333	26924.3333333333	8275	47670.3333333333	35711.6666666667	22666.6666666667	38444.1666666667	40148.5
Protein Synthesis; Translation	28930.1166666667	23897.4666666668	34667.4500000001	9133.01666666665	10193.75	14933.4166666667	7408.91666666666	12533.2833333334	22414.8833333334	27106.8000000001	45389.2	45921.8166666667	31307.5833333335	25954.9166666667	22714.2666666668	8160.19999999998	29965.5000000001	20024.7833333334	13080.1	13186.7666666667	55142.1666666668	14224.4	40103.4166666667	7311.01666666666	13292	12967.2333333334	15023.3	9548.01666666667	8865.28333333331	15494.5166666667	14280.9666666666	7833.83333333329	24757.2333333334	11202.6666666667	23963.7333333334	11483.1	7039.9833333333	1651.01666666667	10499.9166666667	21729.9333333334	10129.5333333333	18661.05	17134.5833333334	6300.75	150.5	5410.91666666667	13950.85	23390.2500000001	43364.1666666667	11907.1333333333	22658.2333333334	38067.1833333334	11288.2333333333	13496.35	19089.8666666666	28853.3333333334	8244.09999999999	52455.0833333334	40523.4833333334	20331.0666666667	41611.7333333334	48304.4833333335
RNA Processing; RNA processing and modification	73912.8666666665	55585.6833333334	87654.9333333333	15739.9	21909.9166666668	40275.3333333334	19326.6833333333	24852.1500000002	43998.3166666667	77920.1166666666	142353.616666666	136555.3	98619.9833333331	72570.5499999999	72697.6833333331	10134.2333333333	91557.7999999997	66756.8666666665	25037.7166666667	26019.7166666668	111564.1	27081.6833333334	69774.2833333332	15101.9166666667	23487.0500000001	25572.6000000001	27958.45	23198.3500000001	12553.4166666667	42482.1333333334	27079.4833333334	11416.6666666666	62634.3000000001	24210.9833333334	61966.8666666666	21574.6666666667	14357.6833333333	3255.65	21948.6666666668	45860.7666666668	18771.7666666667	48460.65	44639.4166666667	11134.4333333333	312.683333333333	15422.45	33495.65	65471.7833333332	128232.283333333	25142.5000000001	51325.3166666667	78027.5666666664	22939.1833333334	41572.0333333333	55012.7166666667	69136.9833333333	19294.3166666667	176376.333333333	122108.8	53127.5166666667	126313.05	143701.433333333
RNA Processing; Transcription	12582	8623.49999999999	14703.6666666667	2423.33333333333	4787.16666666667	18618	3719.16666666666	4894.16666666667	7781.16666666667	12494.3333333333	18617	17962.5	14478.6666666667	12343.3333333333	11616.1666666667	1169	11510.5	8946	3958.16666666666	4199.66666666666	24957.8333333333	6285.16666666667	17317.8333333333	5314.16666666667	5696.83333333333	4567.16666666667	4488.16666666667	10990.8333333333	2121.33333333333	6260.16666666667	4265.66666666667	1547.33333333333	15250.5	3116.33333333333	9206.33333333333	6071	4153.83333333333	706	4433.5	11944.6666666667	4466.16666666666	21219.1666666667	4550.83333333333	1672.33333333333	140.166666666667	2297.83333333333	4963.33333333333	10051.8333333333	14767.1666666667	4345.16666666667	9321.83333333333	15812.5	4781	21983.1666666667	28936.3333333333	14991.5	5557.16666666667	21538.5	16112.6666666667	21153.5	17657.3333333333	19762.6666666667
Regulation and Cell signaling; 	2451.33333333333	1562.66666666667	1280.5	550.833333333333	1297.5	733.166666666667	1819.16666666667	1945.5	2531.5	5907.83333333333	7045	11879.1666666667	12193.8333333333	9439.16666666667	10562.1666666667	302.666666666667	17733	2295	2104.83333333333	1105.33333333333	6579	2221.16666666667	4857.83333333333	2215.66666666667	5156.83333333333	1217	8523.33333333333	313.333333333333	701.666666666667	1809.83333333333	3235.66666666667	273	4681.66666666667	703.333333333334	4913.16666666667	582.166666666667	452.666666666667	277.666666666667	954.166666666667	2611.66666666667	980.166666666667	2087.16666666667	5171.83333333333	471.666666666667	16.3333333333333	1004.5	4543.66666666667	8610.33333333333	7667	1367.33333333333	2842.16666666667	4448.66666666666	1128.5	538.833333333333	777	3556.5	1071.83333333333	60228.6666666667	19520	2215	11075.1666666667	5218.33333333333
Regulation and Cell signaling; Acetylation_deacetylation	4235.66666666666	4264	3896.16666666667	3496.5	3166	6797.5	1920.16666666667	3428.33333333333	4065	6590.5	8260.33333333333	8374.16666666667	8116.33333333334	7263.5	6596.66666666667	3392.16666666667	7028.16666666667	7155.16666666666	4021.5	3671.33333333333	19600	4693	13619.6666666667	3707	4853.16666666667	3492	4053.5	4624.16666666667	3107.66666666667	6290	4456	2687.83333333333	12838	4612.83333333333	6437.83333333333	3883.66666666667	2388.16666666667	646.5	2877.66666666667	8351.16666666666	3866.33333333333	9693.83333333333	6097.33333333333	2007.5	69	1275.66666666667	3335	5708.5	4874.5	5127.16666666667	10537.3333333333	14070.6666666667	4076	8300.66666666667	11124.8333333333	12824.8333333333	3651	13469.5	9778.83333333333	8362.33333333333	10766.1666666667	11555.8333333333
Regulation and Cell signaling; Two-component regulatory systems	10116.4666666667	7651.56666666666	10838.1666666667	1165.66666666667	1630	1795.06666666667	2400.83333333333	2327.9	3216.8	8652.73333333333	10113.2666666667	13581.7333333333	14611.9333333333	12713.8333333333	12997.4	618	15764.8333333333	6810.4	2461.36666666667	2082.43333333333	19630	4520.26666666667	10250.9666666667	1342.4	2405.93333333333	2117.06666666667	2985.26666666667	809.933333333333	708.6	2830.6	2263.5	771.6	5545.23333333333	1585.8	5747	1416.96666666667	1039.46666666667	541.9	1888.5	3490	1313.2	1929.43333333333	3167.2	1293.6	22.7	1310.2	4141.43333333333	8985.56666666666	10415	3396.3	8054.53333333333	13606.5333333333	3789.13333333333	1072.3	1695.3	5157.6	1009.76666666667	25010.8	16860.3333333333	3654.9	12112.5666666667	10390.8333333333
Respiration; 	6646	4012.5	6895.5	1167	1421.5	1984	607	1905.5	2036	3248	5506	6509.5	4907	3582.5	3113	774.5	4121	6906	1917.5	1839.5	7360	1563.5	5476.5	1200.5	1937.5	2040.5	1799	972.5	886	3847.5	1765	939.5	7005	3128	4481	1259.5	960	156.5	1636	4373.5	1884.5	2822.5	2444	1258	42.5	949.5	1745	3670	4641.5	2560.5	5787	5051	1402	1390	1813.5	4935.5	2034.5	14259.5	10391	3577.5	8622.5	7852.5
Respiration; ATP synthases	10881	9764	13022	5069	5235	6823	3339	6007	8309	12218	19118	15899	13303	10856	11049	4643	12068	7919	6606	6653	19917	5202	13697	2569	5904	5956	5537	4380	4858	7094	6654	4220	9219	5539	9512	5922	3733	518	4842	8907	4738	8274	8254	2613	57	2375	5465	9005	14152	4841	9128	12291	3807	6518	9202	9653	3093	23531	17225	8461	17214	20256
Respiration; Biogenesis of respiratory chain components	44885	36592.4166666667	56501.5833333332	25518.7500000001	23907.8333333334	16566.1666666667	10808.5833333333	26301.4166666667	40204.4166666666	44900.25	70728.0833333333	69012.0833333333	41405.75	46378.5	42127.5833333333	25021.75	39263.3333333333	36093.5	28847	41496.0000000001	60677.9166666666	17333.9166666666	50858.1666666667	8505	26919.5833333333	27914.9166666666	39520.6666666666	13479.1666666667	23480.5	28891.25	27538.3333333333	22321.3333333334	22258.5	31804.1666666667	38654.8333333334	27931.6666666667	12791.75	1909.16666666667	17322.8333333333	25664.0833333334	19123	19047.5833333333	68604.0833333334	24879.8333333334	134.5	8742.49999999999	28452.25	35571.6666666667	73782.2499999999	21373.1666666666	33392.6666666667	39918.5	12014.6666666667	11376.25	15769.6666666667	28747.1666666667	6766.25	63867.4166666667	51136.25	20078.3333333333	57429.9166666667	72316
Respiration; Electron accepting reactions	9578.5	4737.08333333333	11328.9166666667	897.25	1086.16666666667	989.333333333333	969.416666666666	1406.08333333333	3163.08333333333	5485.25	15175.9166666667	9988.41666666667	10712.25	5132.5	3548.41666666667	454.25	9887.16666666667	8955.5	1297.5	1415	2883.08333333333	770.083333333333	2247.33333333333	366	1091.58333333333	1489.58333333333	1815.33333333333	279.833333333333	678	5939.41666666667	1613.66666666667	570.166666666667	3153	2045.33333333333	5283.16666666667	1035.16666666667	803.75	98.3333333333333	1598.16666666667	1896.41666666667	894.666666666667	348.916666666667	2798.41666666667	1660.66666666667	14	1661	1931.25	4184.33333333333	8380.25	1905.83333333333	4075.33333333333	1080.5	333.833333333333	83.75	299.333333333333	2932.83333333333	632.75	26817.5833333333	18439.75	590.666666666667	16158.0833333333	15800
Respiration; Electron donating reactions	40591.5	36768.1666666667	50598.6666666666	29555.0000000005	32550.0000000001	21291.6666666667	7550.50000000001	35173.1666666664	28895.0000000001	39328.1666666668	67952.5000000002	52065.6666666665	37064.6666666668	28426.3333333335	23365.5	29531.0000000001	48296.8333333331	33985.0000000001	33133	49903.3333333332	90072.9999999999	21308.8333333333	65890.6666666673	12092	32215.8333333336	32204.8333333334	41371.8333333334	17008.1666666665	25359.6666666667	27157.1666666667	23670.5	27266.3333333334	54804.5	38726.5000000001	27854	34861.8333333335	15713.9999999999	2671.00000000001	21179	43460.0000000001	28781.8333333335	27069	61707.9999999998	29537.5	280	8767.00000000001	21441.3333333334	17533.3333333333	43595.5	28639.8333333337	52159.8333333334	64255.6666666668	18419.0000000001	17929.8333333333	24237.1666666669	50428.5000000001	15605.5	88013.1666666668	55638.4999999997	32558.6666666666	52436.1666666667	65087.9999999999
Respiration; Hydrogenases	35	54.5	38	102.5	189.666666666667	49.6666666666667	14	97.8333333333333	31	24	93	328	63	43.8333333333333	34	18.5	31.1666666666667	7	125.666666666667	199.333333333333	818	78.1666666666667	419	21	65.1666666666667	153	27.5	38.1666666666667	18.3333333333333	11	13	43.5	173.5	31	35	126.5	90.8333333333334	18	256.5	159	89.6666666666667	212.833333333333	7	3	1	50	54.5	67.6666666666667	29	149.333333333333	340	728	234	34.3333333333333	30	566	51	15	472.333333333333	284.666666666667	363.666666666667	397.666666666667
Respiration; Plastidial (cyanobacterial) electron transport system	22.5	14.1666666666667	39.1666666666667	131	307	36.1666666666667	37	336.166666666667	55.5	585.166666666667	272.5	51.1666666666667	65.1666666666667	79.3333333333333	144	47	85.3333333333333	11	229.5	606.333333333333	0.5	13.3333333333333	14.1666666666667	2	106.666666666667	371.333333333333	110.333333333333	94.6666666666667	258.666666666667	180.5	114.5	365.333333333333	1	571.5	186.5	389.5	652	0.5	472	190.5	169.666666666667	3.5	45.5	35.5	2	42	21.8333333333333	90.3333333333333	6	141.833333333333	36.3333333333333	4.16666666666667	3	19.8333333333333	37.6666666666667	0.5	3	70.1666666666667	61.5	682.666666666667	390.666666666667	194.5
Respiration; Sodium Ion-Coupled Energetics	237.666666666667	252	292.666666666667	18.3333333333333	53.6666666666667	13.3333333333333	7	77	28	341.666666666667	273.666666666667	26.3333333333333	84	125.333333333333	7.66666666666667	4.66666666666667	28	65.6666666666667	16	115.666666666667	21	12.6666666666667	3.33333333333333	6	14.3333333333333	44	3.33333333333333	2.33333333333333	1.66666666666667	44	5.33333333333333	5.66666666666667	81	30.6666666666667	76.3333333333333	31	31.6666666666667	2	43	30.6666666666667	32	9	4	18.3333333333333	0	73	31	37	4.33333333333333	18.6666666666667	11	31	9	21.6666666666667	8.33333333333333	89.3333333333333	25	14694.6666666667	4751.33333333333	26.3333333333333	152	461.333333333333
Secondary Metabolism; 	48	143	29	408	242	40	45	249	150	104	29	4	16	54	71	379	160	6	258	261	0	0	0	0	249	249	272	118	291	156	303	366	6	328	113	301	143	0	237	182	266	2	273	143	0	20	158	43	26	235	301	0	0	13	6	0	7	95	18	4	12	4
Secondary Metabolism; Biosynthesis of antimicrobial or antitumor compounds	2688.25	1914.25	3165.16666666667	772.666666666667	682.166666666667	425.666666666667	439.75	888.833333333334	2039.75	1794.58333333333	2825.75	2511.41666666667	1775.75	1507.25	1444.16666666667	734	1788	1727.66666666667	963.166666666667	949.916666666666	2751.58333333333	755.5	1871.16666666667	337.333333333333	921.749999999999	836.25	1138.08333333333	312.416666666667	810.666666666666	1463.5	1002.33333333333	661.5	1007.16666666667	911.416666666667	1364.25	656.5	397	76.6666666666666	674.75	973.583333333333	592.75	556.333333333334	1292.16666666667	522.75	2.75	291.166666666667	914.75	1083.33333333333	2470.33333333334	568.833333333333	1005.75	1820.25	571.5	316.583333333333	452.75	1237.66666666667	316.583333333333	2645.08333333334	1667.08333333333	784.916666666667	2263.58333333333	2265.75
Secondary Metabolism; Hydrocarbons	292.25	305.75	339.5	70.5	83.5	61	116	166	137.75	532.25	556.25	572.5	427.5	337.5	395	24.5	387	126.25	226.75	198.75	771.25	457.75	381	10	113	199	184.25	30	94.25	105.5	206	44.75	81.5	49	178.5	91.75	78.25	23.5	199.25	98.5	40	15	155.5	32.25	0.5	59	187.75	377.5	658.25	88.5	121.5	876.5	199.75	3.25	12.5	104	9.25	522.75	491	85.75	526.5	437.75
Secondary Metabolism; Metabolism of Aromatic Compounds	9333	6283	8979.5	2775.5	3977	4253	4760	5347	7435	17676	27136.5	19814	19050.5	16339.5	12034	2005	19256.5	31968.5	6340.5	4474.5	22141.5	8773	25488.5	5857	7001.5	5730	8442	2545.5	2595	18123	9981.5	2080.5	14398.5	9651	25980.5	3498.5	2776.5	917.5	4629	8773	3287	6358	14738.5	2281.5	48.5	3343.5	9581	16626.5	12296	5232.5	10519	15637	4811.5	3760.5	5451	9912	3770	62076.5	34682	5689	25836.5	33758
Secondary Metabolism; Ribosomally-synthesized post-translationally modified peptides (RiPPs)	3099.91666666667	2615.75	3920.91666666666	504.416666666667	761.333333333333	1115.83333333333	646.333333333333	968.166666666667	2143	2765.16666666667	5589.25	5404.58333333334	3024.25	2273.75	1877.41666666667	343	2662.75	3669	887.583333333333	949.999999999999	5112.25	971.5	2848.33333333333	504.75	816.916666666667	959.833333333333	914.083333333334	635.5	549.083333333333	2091.16666666667	1025.5	391	3397.66666666667	1054.83333333333	1966.5	772.833333333334	496.166666666667	138.583333333333	843.166666666666	2080.5	815.666666666666	1435.91666666667	997.666666666667	521.166666666667	13.75	496.916666666667	947.833333333333	2033.5	5079.41666666667	1694.33333333333	3548.58333333333	2948.08333333333	887.166666666667	975.666666666667	1349.83333333333	2700.5	849.583333333333	5270	4137.16666666667	1769.41666666667	4782.75	4431.58333333333
Stress Response, Defense and Virulence; 	8907.99999999999	6208.83333333333	10768.5	1188.66666666667	1923.33333333333	2439.5	1629.33333333333	3020.16666666667	4796.66666666667	7423	15637.6666666667	14011.5	9307.50000000001	6633.16666666667	5817.5	452	9004.66666666666	8221.66666666667	2720	2465.33333333333	12952.1666666667	3460.5	9521	1423.33333333333	1798.33333333333	2690.5	2576.33333333333	1114.33333333333	835	5007.83333333333	2050.16666666667	737.5	2865.83333333333	2459.33333333333	7835.66666666667	1699.66666666667	1395.66666666667	509.333333333333	2808.5	2752.33333333333	1061.33333333333	2537.33333333333	2896.66666666667	830.666666666667	16.1666666666667	1735	2801.83333333333	5630.16666666667	13905.1666666667	1840.66666666667	3065.5	8968.16666666667	2758.16666666667	1647.33333333333	2506.33333333333	4705.33333333333	766	18476.3333333333	13534.5	2763.5	14116.8333333333	16872.3333333333
Stress Response, Defense and Virulence; Adhesion	3.5	30	12	81.5	48	5	0	9.5	9	69	20.5	3	0	2	1	13	0	2	19	17	0	1	2	2	4	6	0	3	7	12	6	5	0	2.5	8.5	3	8	0	7	0	1	3	0	1	0	6	1	4	0	2	0	2	1	0	0	0	0	17.5	12	0	48.5	27
Stress Response, Defense and Virulence; Host-pathogen interactions	357	891	595	527	408	68	536	529	2004	1232	3124	277	341	354	262	253	206	1413	758	631	0	23	684	388	1204	484	795	105	260	1629	246	357	66	1115	993	152	134	2	197.5	230	130	41	357	163	1	143	353	378	443	59	120.5	9	20	16	124	21	4	910	1171	13	1264	1490
Stress Response, Defense and Virulence; Invasion and intracellular resistance	2196	838	805.5	461	709	264	277	1786	402	809	1903	351	215	1054	1242	91	71	124	1147	432	884	1110	2358	1169	274	787	2046	91	242	187	250	172	1079	98	462	511	275	47	535	236	337	503	709	155	1	78	1444	1251	2124	172	166	1375	679	16	70	508	89	160	666	90	169	535
Stress Response, Defense and Virulence; Resistance to antibiotics and toxic compounds	65572	46730.3666666669	75438.6999999997	13604.6833333333	17356	19630.8166666667	19093.0833333333	22960.5166666668	47928.1	70372.783333333	103946.383333334	101431.883333333	85634.1833333333	65137.75	60226.9999999999	8651.11666666665	78978.6666666666	65207.4333333333	22233.4666666666	21515.0333333336	114486.916666666	27832.5	76949.7166666665	13651.6666666667	20538.6833333334	22164.05	34508.9	10711.4499999999	12186.3833333333	48375.1999999999	26020.6333333335	9926.43333333329	58287.0500000003	25397.0500000001	68519.4	16980.4	11427.1166666666	3354.5	19727.2500000001	43305.85	17145.9833333333	31884.8166666666	44355.5333333333	11288.7666666666	268.366666666667	12493.8666666667	40314.6166666667	76198.983333333	98338.9166666664	25286.9333333334	52079.1833333336	75843.3833333332	22065.0333333334	16143.7333333333	22174.0833333334	61570.8500000002	17027.8666666667	157472.3	105087.066666666	36521.4666666667	101818.466666666	110658.233333333
Stress Response, Defense and Virulence; Stress Response	48129.6666666667	29570	54770.1666666666	11998	12270.1666666667	13760.6666666667	6907	15921.8333333333	25195.5	29431.3333333334	64716.8333333333	55472.8333333334	43008.3333333333	24981	19057.3333333333	8664	45745.6666666667	39883.1666666666	16059.8333333333	14545.1666666667	60266.3333333333	16679.8333333333	53357	8886.83333333333	14707.3333333333	15502.6666666667	15386.3333333333	10170.5	8909.5	30394.8333333333	12554.3333333333	9356.83333333334	34127.6666666667	17196.5	27269.1666666667	12969	8435.83333333333	2122.16666666667	12761.3333333333	26645.5	12914	21591	14936.1666666667	9244.83333333333	196.666666666667	7929.99999999999	11237.3333333333	19061.1666666667	41693	16911.5	33060.1666666667	41769.6666666667	12034.1666666667	11794.1666666667	17270.5	34868.6666666667	10576.8333333333	87367.3333333332	54924.3333333334	25390.5	63733.4999999999	70417.1666666666
Stress Response, Defense and Virulence; Stress Response: Electrophile toxicity	752	605	97	136	172	134	1342	291	146	4115	2597	2523	2646	5400	7254	121	187	287	547	402	743	45	276	76	444	421	1438	74	91	48	1306	146	202	91	2210	344	188	37	354	745	231	11	3673	205	2	285	2717	6040	2899	197	264	190	70	78	106	15	20	104	1232	201	2000	2800
Stress Response, Defense and Virulence; Stress Response: Heat/cold shock	14687.5833333334	10112.6666666667	17978.5833333333	3121.24999999999	3945.08333333333	4307.75	3425.33333333333	5035.49999999999	8929.16666666667	14386.25	23946.3333333333	23147.8333333333	15947.3333333333	13578.8333333333	13451.9166666667	1926	11396.5833333333	10184.25	4655.83333333333	4907	25786.0833333333	6287	17546.75	2388.41666666667	4085.91666666666	5156.66666666668	5463.41666666667	2229.08333333333	2657.25	6931.08333333334	5298.33333333334	2288.33333333333	10083.5833333333	4270.41666666666	11211.9166666667	3705.08333333333	2673.5	695.166666666667	4625.83333333333	8172.08333333334	3333.25	5879.41666666666	7167.25	2166.5	50.6666666666667	2659.91666666667	6261.16666666667	12488.9166666667	21980.6666666667	4666.41666666667	8944.41666666666	17793.9166666667	5174.75	3458.16666666666	4679.91666666667	12374.5833333333	3298.75	24952.25	19724	7511.58333333333	21610.3333333333	23960.3333333333
Stress Response, Defense and Virulence; Stress Response: Osmotic stress	9767.30952380952	7322.21428571429	6291.57142857143	3546.35714285714	3819.42857142857	9801.16666666666	4174.78571428571	5121.80952380953	6283.64285714286	15305.9047619048	22160	25544.119047619	32796.5	21166.5714285714	23668.0238095238	2484.64285714286	34141.9523809524	19717.7142857143	4064.14285714286	3505.33333333333	33020.2142857143	6794.71428571429	9617.85714285714	6028.28571428572	6707.35714285714	3746.5	8097.80952380952	4419.52380952381	3157.28571428571	18530.4285714286	6684.30952380952	2395.64285714286	30870.2142857143	6618.14285714286	11283.9285714286	3930.64285714286	2527.07142857143	1221.64285714286	3266.26190476191	18417.380952381	7131.28571428572	10442.3571428571	11023.0714285714	2226.21428571428	137.642857142857	3581.33333333333	5713.07142857143	12891.2619047619	9658.42857142857	11294.5714285714	25685.5238095238	24953.9285714286	6948.64285714286	6756.5	9297.5	28174.5	8911.40476190476	53630.9523809524	25405.9285714286	16497.5	37311.9047619048	26418.1666666667
Stress Response, Defense and Virulence; Toxins and superantigens	60.5	44	80.5	19	29.5	11	37.5	72	298	75.5	42.5	30	36.5	78	69	16.5	6	5	46.5	29	236	156.5	519	104	62.5	30.5	108.5	2	41.5	48.5	70	1	55	3	26	19	9	12	29	9	4	21.5	0	4	0	4.5	26.5	21.5	19.5	15	16.5	179	43.5	2	4	84.5	4	7	2.5	2	4	7
Sulfur Metabolism; 	18103.25	15025.9166666667	17938.5476190476	5486.75000000001	5530.92857142857	8418.80952380953	3934.78571428571	6694.34523809524	9988.70238095239	16661.8333333333	27675.5119047619	26778.8928571429	24445.1666666667	15501.119047619	12315.4047619047	4064.17857142857	22420.2380952381	30397.5833333333	7198.19047619048	6812.52380952382	36151.9166666667	8607.69047619048	21566.4880952381	3889.46428571429	6642.07142857143	7233.78571428571	7736.94047619047	4789.09523809524	4695.97619047619	26709.0952380952	7456.01190476191	4160.42857142857	26052.7738095238	12290.2023809524	19681.1547619048	5947.13095238096	3980.46428571428	983.988095238095	6439.95238095239	17173.4761904762	7164.57142857143	14458.0238095238	11522.25	5455.67857142857	127.5	4345.60714285714	8108.02380952381	14786.1785714286	19581.3095238095	10538.2976190476	22641.4642857143	24633.2380952381	7124.14285714286	7398.70238095238	9992.09523809524	27893.6666666667	7345.02380952381	65819.4761904762	42111.8571428572	16427.9047619048	34118.9404761905	40837.5714285715
