#NAME	H800_swab_1_S1	H800_swab_2_S1	H801_swab_1_S1	H802_swab_1_S1	H802_swab_2_S1	H803_swab_1_S1	H803_swab_2_S1	H804_swab_1_S1	H804_swab_4_S1	H805_swab_1_S1	H805_swab_2_S1	H806_swab_1_S1	H806_swab_2_S1	H807_swab_1_S1	H807_swab_2_S1	H809_swab_1_S1	H809_swab_2_S1	H810_swab_1_S1	H813_swab_3_S1	H813_swab_4_S1	H814_chip_2_S1	H814_chip_S1	H815_chip_S1	H817_chip_S1	H817_swab_1_S1	H817_swab_2_S1	H818_swab_1_S1	H818_swab_2_S1	H819_swab_1_S1	H819_swab_2_S1	H820_swab_1_S1	H820_swab_2_S1	H821_chip_S1	H821_swab_1_S1	H821_swab_2_S1	H822_swab_1_S1	H822_swab_2_S1	H823_chip_S1	H823_swab_1_S1	H825_swab_1_S1	H825_swab_2_S1	H827_chip_S1	H827_swab_1_S1	H827_swab_2_S1	H831_chip_2_S1	H831_chip_S1	H831_swab_1_S1	H831_swab_2_S1	H833_swab_1_S1	H834_swab_1_S1	H834_swab_2_S1	H835_chip_2_S1	H835_chip_S1	H837_swab_1_S1	H837_swab_2_S1	H838_chip_S1	H840_chip_S1	H840_swab_1_S1	H840_swab_2_S1	H841_chip_S1	H841_swab_1_S1	H841_swab_2_S1
c__Collembola	46	44	30	81	1031	254	14	5804	20	69	79	30	270	43	33	37	44	20	75	175	9	18	24	9	92	658	34	409	31	24	32	39	9	41	27	2073	1355	16	1023	52	100	27	71	34	13	0	26	45	18	58	237	8	27	164	225	10	4	228	111	23	103	54
c__Abditibacteria	9	37	4	18	43	14	2	56	17	88	5	3	10	10	2	6	12	57	12	14	8	98	22	0	8	38	0	14	1	2	1	10	20	4	14	25	25	12	37	29	15	28	0	2	12	0	0	9	0	32	12	20	67	0	8	4	3	10	13	67	49	62
c__Candidatus Polarisedimenticolia	35	6	4	1	10	0	25	8	2	4	4	19	4	93	247	2	9	0	11	6	3	121	19	0	9	9	0	2	2	2	1	3	35	6	5	2	8	0	16	45	5	4	0	0	1	1	3	5	4	12	5	3	11	0	2	9	2	0	2	6	12	13
c__Tichowtungiia	0	1	3	0	10	18	0	0	4	12	2	0	0	2	2	0	3	0	1	2	6	65	12	1	3	3	7	2	0	0	3	1	0	1	5	0	7	0	4	4	0	78	0	2	3	1	5	17	4	5	0	7	3	31	26	8	0	3	2	35	11	7
c__Fusobacteriia	85	71	40	43	601	97	160	125	33	453	191	287	417	848	624	29	21	50	97	11939	52	164	75	88	66	44	149	14	12	15	368	17	170	41	379	33	53	13	55	146	36	49	198	52	377	2	394	815	566	44	45	16	129	18	45	198	39	245	286	34	132	351
c__Deltaproteobacteria	10478	21695	14792	10507	20917	9419	2179	22656	9584	9810	25279	14384	8405	13148	18673	2968	6187	7158	18428	26604	6188	37046	28617	1801	11308	26503	6173	6924	3340	5757	4072	9337	22016	6243	8058	24162	10639	1048	25885	25950	11460	11208	4410	4562	2564	103	6395	10183	11810	12926	29033	6860	23041	5127	6293	23933	6735	10599	10896	11828	28074	16118
c__Udeonychophora	0	0	0	0	3	2	0	0	0	0	0	0	0	0	0	0	0	0	0	0	0	0	0	0	0	0	0	0	0	0	0	0	0	0	0	0	0	0	0	0	0	0	0	0	0	0	0	0	0	0	4	0	0	0	0	0	0	0	0	0	0	0
c__Actinomycetes	396111	247998	322709	89264	199789	51676	146675	297172	1284764	577300	304338	255107	177256	418400	596539	52195	31066	46517	268939	160326	984242	1550911	2282543	500370	665357	185642	957940	28783	251818	292436	372449	28888	595481	39651	135086	90016	65939	74341	153038	212887	91180	191078	13525	28530	25523	1465	173056	155421	198966	191264	412203	319569	1012171	17414	32941	521683	104482	72347	45443	117670	46822	76994
c__Thermoleophilia	878	1874	1571	5676	9339	2261	408	23541	1569	1331	1167	3160	1774	2214	1163	560	733	712	4440	8243	94159	205811	90101	1909	2043	11856	607	1486	457	886	539	2030	20225	1069	3376	6887	5136	3931	13927	11151	5191	7163	277	484	492	86	1187	1857	1174	9200	23391	44680	188730	1004	2343	27492	5586	729	1020	7477	1454	1382
c__Eurotatoria	252	1210	196	696	941	400	321	3037	377	1481	2138	712	340	369	332	371	258	495	1332	587	135	431	611	66	917	642	209	339	384	483	326	288	419	262	299	111783	842	33	843	572	450	109	252	156	234	0	203	364	671	418	771	72	256	85	118	386	112	487	1048	265	1254	1961
c__Elusimicrobia	0	3	0	4	6	1	0	0	1	1	0	9	0	0	0	0	0	2	5	2	1	17	1	0	3	4	3	1	4	0	0	0	3	2	2	4	3	0	4	1	3	1	122	0	1	0	1	2	13	1	1	0	0	0	2	1	0	4	8	0	10	4
c__Thermodesulfobacteria	24	34	40	24	31	98	3	33	13	41	81	48	45	28	25	5	10	21	38	27	6	36	137	14	47	46	15	74	10	12	2	16	105	45	41	35	20	2	32	100	21	172	13	6	10	0	21	34	32	32	41	45	156	104	138	115	42	24	44	110	61	33
c__Palaeacanthocephala	0	0	0	2	0	0	0	0	0	0	0	0	0	0	0	0	0	0	0	0	0	0	0	0	0	0	0	0	0	0	0	0	0	0	0	0	0	0	0	0	0	0	0	0	0	0	0	0	0	0	0	0	0	0	0	0	0	0	0	0	0	0
c__Coscinodiscophyceae	32	81	34	92	90	65	15	78	67	42	26	29	22	34	52	83	30	67	126	75	23	88	36	12	49	91	29	37	51	27	76	69	15	35	19	70	32	1	72	36	45	28	42	41	1	0	38	57	46	28	30	18	58	39	20	41	21	33	16	27	34	32
c__Xylonomycetes	6	59	20	452	224	40	11	265	403	44	5	6	7	110	35	125	78	3	151	177	1	3	14	5	299	279	199	176	356	259	229	274	2	139	87	182	120	0	230	86	210	2	427	195	16	0	81	30	18	262	317	2	0	4	4	0	3	26	2	0	6	1
c__Faserviricetes	0	0	0	0	2	0	0	0	0	6	0	0	2	0	0	0	2	0	0	1	2	11	0	0	0	0	0	0	0	0	0	0	0	0	0	0	0	0	0	0	0	1	0	0	6	0	0	1	0	0	0	0	0	0	0	0	0	0	0	0	190	0
c__Gammaproteobacteria	65759	118226	147066	21644	34350	141220	23292	46907	85467	165310	1697763	1791908	1262593	60842	39795	12032	2482885	304891	32633	52650	14451	48888	36312	5380	16288	35361	18100	8269	12758	71165	18437	15336	30604	36601	81830	20767	17460	1703	41872	37399	15283	13364	26354	20888	81798	215	23856	64589	2043501	19100	33669	10449	34026	6023	10902	29363	11709	3865633	1498953	19395	1242235	331835
c__Candidatus Thermofonsia	60	72	115	97	109	61	20	216	63	152	109	187	105	109	64	13	46	21	133	184	154	2029	786	23	68	192	32	41	26	27	29	49	363	85	45	139	114	63	301	338	153	214	23	31	16	2	50	104	132	231	377	328	942	28	38	463	144	87	41	390	151	104
c__Endomicrobia	2	0	2	3	0	1	1	5	0	3	1	22	0	14	2	2	82	2	2	5	1	33	13	0	3	3	0	0	0	1	0	0	1	3	4	1	2	0	2	0	1	2	0	0	0	0	3	7	0	0	0	0	3	1	0	1	0	0	1	5	0	2
c__Polypodiozoa	0	0	0	0	0	0	0	0	0	0	0	0	0	0	1	0	0	0	0	0	0	0	0	0	0	0	0	0	0	0	0	0	0	0	0	0	0	0	0	0	0	0	0	0	0	0	0	0	0	0	0	0	0	0	0	0	0	0	0	0	0	0
c__Candidatus Nanoperiomorbia	0	0	0	0	2	0	0	3	0	0	0	0	0	0	0	0	0	0	0	6	0	0	0	0	0	0	0	0	0	0	0	0	0	0	0	0	0	0	0	0	0	0	0	0	0	0	0	0	0	0	0	0	0	0	0	0	0	0	0	0	0	0
c__Kiritimatiellae	49	172	95	33	63	18	15	78	59	77	126	69	81	63	68	15	29	56	76	98	12	208	84	8	31	83	23	17	13	16	13	16	230	24	56	51	23	3	100	173	49	188	7	19	18	4	10	38	71	42	55	13	56	20	16	219	84	57	76	175	139	109
c__Negativicutes	498	321	203	141	860	309	365	299	279	1214	479	1223	1160	2492	3005	108	131	221	401	1262	188	1134	644	199	329	259	638	66	32	107	660	62	840	174	936	151	210	34	273	708	378	301	1885	88	488	7	1063	2438	1129	402	796	291	957	113	247	696	239	197	2493	289	609	641
c__Mucoromycetes	218	783	149	1747	1110	358	297	1427	1086	469	195	56	106	355	438	1393	478	117	2802	2642	12	42	31	48	1313	1459	860	498	1678	700	1208	738	45	1182	390	584	391	2	413	304	364	32	1398	748	108	0	1251	847	148	4752	194	31	57	988	147	18	12	343	48	12	42	28
c__Miaviricetes	0	0	0	0	0	0	0	0	0	0	0	0	0	0	0	0	0	0	0	0	0	0	0	0	0	0	0	0	0	0	0	0	0	0	0	0	0	0	0	0	0	0	0	0	0	0	2	0	0	0	0	0	0	0	0	0	0	0	0	0	0	0
c__Thermotogae	106	81	93	35	47	48	99	72	38	356	98	396	392	441	652	24	13	30	75	75	101	1175	418	41	63	73	104	14	11	11	156	21	559	27	152	40	34	30	83	377	114	269	257	18	28	0	165	393	199	68	86	151	586	30	71	414	180	50	117	359	192	145
c__Flavobacteriia	1342	2749	1323	892	1970	1674	8199	3810	1023	28732	35047	3162	10039	3996	3149	285	1054	3478	868	4543	916	2592	1005	425	720	1986	725	996	335	1713	742	514	1340	585	1260	2077	1621	80	2917	2766	872	853	1561	455	14557	7	1086	2947	2023	711	5297	662	1871	1596	2047	1127	723	1195	14568	1423	17465	210284
c__Candidatus Muproteobacteria	1	17	5	9	9	0	0	16	11	7	74	28	10	9	1	0	6	11	11	29	1	16	28	0	2	24	4	0	4	4	0	7	30	1	8	9	9	2	15	23	6	7	2	2	9	0	2	9	7	7	2	2	28	2	2	34	30	20	65	7	90	69
c__Opitutae	226	707	367	292	720	190	98	1645	231	749	843	1200	405	539	445	121	284	330	568	914	147	862	812	41	275	760	170	113	125	219	111	255	777	178	352	673	415	46	848	865	313	212	85	59	141	4	238	283	1067	297	518	150	655	59	102	447	334	401	606	416	1156	949
c__Chromadorea	22059	48687	22734	1166	2588	969	1475	3222	15241	8818	20609	14201	12964	4498	1918	690	1565	11154	1959	1988	808	1513	1810	191	991	2246	1073	610	880	4721	1000	815	565	1951	14475	2549	1766	84	1942	1016	758	177	431	1097	2473	7	618	957	11436	551	972	374	1184	293	472	506	155	5392	8638	262	20017	22259
c__Cubozoa	0	0	0	0	0	0	0	0	0	0	0	0	0	0	0	0	0	0	0	0	0	0	0	0	0	0	0	0	0	0	0	0	0	0	0	0	1	0	0	0	0	0	0	0	0	0	0	0	0	0	0	0	0	0	0	0	0	0	0	0	0	0
c__Flasuviricetes	0	0	0	2	0	0	0	0	0	0	0	0	0	0	0	0	2	0	0	0	0	1	0	0	3	0	0	0	0	0	0	0	0	0	0	0	0	0	0	2	0	0	0	0	0	0	0	0	0	7	12	0	2	0	0	0	0	0	0	0	0	0
c__Cephalopoda	142	459	146	28	109	46	43	48	229	132	320	457	199	84	51	27	16	169	90	60	11	6	31	10	41	115	39	38	28	54	42	40	3	35	133	124	159	6	142	43	31	7	109	138	36	0	23	9	592	6	57	5	13	8	3	20	4	17	135	5	226	475
c__Chlamydiia	432	710	738	111	248	171	53	460	165	271	272	162	976	194	517	74	152	124	543	450	137	470	225	36	245	246	168	144	94	149	53	76	836	110	93	197	206	11	359	363	151	171	168	19	64	0	95	266	169	367	719	66	247	119	163	433	143	114	104	147	215	158
c__Polychaeta	50	39	64	69	130	71	2	44	30	43	67	21	40	82	149	27	15	11	68	38	7	28	16	4	54	33	49	44	29	51	28	39	31	20	22	92	147	11	78	65	23	16	40	15	7	0	31	29	16	32	68	11	52	16	4	22	28	20	31	24	25	23
c__Polintoviricetes	0	0	0	0	1	10	0	0	0	0	0	0	0	0	0	0	0	0	2	0	0	0	0	0	0	2	0	0	0	0	0	0	0	0	0	0	2	0	0	0	0	0	0	0	0	0	0	0	0	0	0	0	0	0	0	0	0	0	0	0	0	0
c__Candidatus Limnocylindria	0	2	0	2	1	0	0	2	0	0	0	7	0	0	0	1	0	0	2	2	10	33	9	9	0	2	1	0	0	0	0	1	30	0	2	0	0	0	6	24	12	9	0	2	0	0	0	1	0	2	0	0	8	0	0	14	15	0	0	18	0	0
c__Calditrichia	22	47	40	25	33	41	40	72	29	147	83	174	44	108	109	11	16	157	63	62	14	171	238	5	45	89	20	15	10	4	161	17	159	7	44	48	47	2	67	500	32	25	61	7	22	1	50	84	108	42	129	16	72	3	7	90	52	30	62	131	276	149
c__Insecta	4309	5696	7478	3757	10109	3763	2812	8639	9918	7759	16167	14063	19965	4529	4349	2356	37327	6493	4959	5490	944	1659	3197	2950	4329	6026	3771	14135	3030	5864	3885	2667	974	3452	16410	9496	144110	335	109986	6074	2223	569	3373	1777	1813	7	1591	2237	9749	2010	19059	523	1303	1066	1260	899	409	13130	10114	531	10984	15473
c__Candidatus Aquicultoria	0	1	3	0	1	0	0	1	0	13	0	1	13	9	1	3	3	0	2	3	3	40	31	0	5	9	3	2	0	0	1	3	23	2	0	0	2	0	2	21	2	9	1	2	0	0	12	5	0	6	36	3	3	0	0	14	0	0	2	12	3	0
c__Hydrogenophilia	103	65	190	40	190	35	10	65	47	68	507	1175	49	187	74	8	26	439	69	57	21	150	305	6	30	61	50	8	17	245	5	32	205	94	371	40	21	1	51	174	68	52	18	75	52	0	52	141	1149	39	105	33	145	12	20	233	59	306	457	145	435	714
c__Chlorobia	38	83	73	35	50	124	41	69	20	311	430	258	77	191	24	6	23	112	95	69	42	214	127	13	57	78	22	43	8	14	11	28	280	19	976	47	49	13	83	312	72	151	29	4	41	0	33	100	145	136	345	62	209	34	54	150	47	123	201	143	431	509
c__Candidatus Geothermincolia	9	45	4	3	3	2	0	15	3	13	7	25	17	11	34	0	0	0	7	12	6	33	47	0	7	11	4	0	0	0	6	0	23	2	30	5	4	1	9	58	26	15	3	0	0	1	13	11	6	8	14	3	28	10	13	52	17	1	9	34	9	10
c__Holophagae	121	141	146	79	96	183	25	178	58	127	309	269	105	118	89	56	127	81	148	186	78	628	364	36	102	176	24	39	47	39	131	66	286	58	50	132	92	8	184	279	82	90	33	18	43	0	29	60	258	125	124	161	354	42	88	434	97	154	192	271	236	262
c__Aves	55	95	40	128	274	95	41	132	188	101	55	263	80	109	183	189	81	45	116	213	132	39	112	56	129	536	110	144	176	72	188	135	33	93	40	160	170	7	163	81	85	39	87	45	218	0	37	38	190	95	129	29	103	33	23	35	21	70	40	34	73	80
c__Gloeobacteria	150	99	187	61	76	20	29	54	22	192	144	48	26	154	320	9	46	26	91	114	29	389	317	5	36	91	13	15	18	25	13	50	71	115	24	51	124	3	239	147	29	56	13	10	13	2	25	43	59	181	145	47	167	4	11	159	20	38	72	405	232	64
c__Echinamoebida	0	0	0	0	0	0	0	1	0	0	0	0	1	0	0	0	0	4	0	0	0	0	0	0	0	5	0	2	0	0	0	1	0	0	0	6	0	0	0	0	2	0	0	0	0	0	0	0	0	0	2	0	0	0	0	0	0	0	0	0	0	0
c__Nitrospinia	16	19	12	10	23	4	1	19	26	54	26	50	25	74	22	7	5	17	22	31	50	84	52	1	18	47	17	6	20	3	50	20	87	5	64	21	13	2	25	84	34	24	3	4	4	0	37	46	25	11	11	17	128	3	8	52	29	3	26	34	32	34
c__Bryopsida	340	876	39	59	67	19	829	68	148	714	970	267	492	969	870	32	26	43	119	56	34	93	80	9	50	71	10065	26	51	41	186	38	33	26	13814	105	42	5	45	45	80	9	447	83	101	0	6856	16791	10855	36	73	13	29	2	9	20	4	459	1056	27	475	961
c__Phytomyxea	60	833	61	107	90	31	11	52	49	54	72	117	61	57	72	27	18	63	745	102	19	59	122	5	53	87	36	31	38	44	19	25	22	71	40	51	35	0	67	53	43	3	39	25	14	1	28	36	19	48	59	4	40	1	1	15	13	37	70	13	30	55
c__Eumycetozoa	56	531	34	308	248	66	35	371	234	125	352	295	94	147	175	61	57	62	492	162	17	35	116	7	92	291	34	115	75	70	64	84	39	57	24	146	151	1	241	112	111	12	56	21	12	0	39	93	469	70	110	18	45	56	33	35	5	291	89	14	87	93
c__Candidatus Poseidoniia	3	17	7	13	26	4	0	12	3	28	7	31	6	16	13	2	5	1	17	14	8	137	41	15	6	12	5	0	0	1	18	6	22	0	3	7	14	12	15	39	13	13	1	4	2	0	0	13	2	3	3	6	39	7	12	114	11	4	7	27	5	11
c__Erysipelotrichia	271	162	55	131	229	127	363	198	87	1002	226	871	931	1691	2530	63	141	40	170	486	81	317	142	310	189	146	389	106	16	61	640	94	338	89	682	308	166	15	300	401	397	135	699	86	167	0	704	1598	780	75	277	65	232	55	46	229	99	109	526	124	745	849
c__Culicoidibacteria	46	3	6	0	2	3	31	0	0	33	4	43	44	306	425	2	2	0	4	3	0	1	1	1	9	3	12	0	0	0	3	0	0	0	8	2	2	0	5	0	0	0	7	0	1	0	26	54	12	2	0	2	2	0	0	5	0	0	5	0	1	17
c__Ginkgoopsida	0	0	0	0	0	0	0	0	0	0	0	0	0	0	0	0	0	0	0	0	0	0	0	0	0	0	0	2	0	4	0	0	0	0	0	3	0	0	0	0	0	0	0	0	0	0	0	0	0	0	0	0	0	0	0	0	2	0	0	0	0	0
c__Tolucaviricetes	0	0	0	0	0	0	0	0	0	0	0	0	0	0	0	0	0	0	2	0	0	0	0	0	2	0	0	0	0	0	0	0	0	0	0	0	0	0	0	0	0	0	0	0	0	0	0	0	0	0	0	0	0	0	0	0	0	0	0	0	0	0
c__Branchiopoda	233	85	152	73	252	118	61	96	68	215	504	367	151	127	142	46	29	1173	126	72	14	169	49	2	63	101	34	54	57	786	46	41	8	389	395	157	290	5	241	55	51	4	32	45	76	0	28	54	287	42	75	3	12	13	12	4	0	577	450	4	817	803
c__Chthonomonadetes	63	177	63	210	476	83	20	351	124	157	35	102	73	180	290	97	348	54	440	426	76	674	462	18	282	1285	138	173	31	36	81	226	165	215	429	454	439	14	824	415	275	99	21	43	34	0	121	108	58	1586	1038	138	360	23	79	247	54	59	52	122	69	67
c__Leotiomycetes	1442	8030	2020	23687	14891	1668	1555	16364	6053	4353	1040	713	498	8368	4862	15254	9930	586	19228	21143	94	163	776	560	24035	18838	21979	9703	16985	12178	22202	26301	322	20311	6275	11136	6020	10	9343	8714	10379	211	37692	15720	876	4	10855	2009	988	12736	16454	45	155	878	577	102	292	3865	462	98	579	576
c__Chlorokybophyceae	0	0	0	0	0	0	0	0	0	0	0	0	0	0	0	0	0	0	0	0	0	0	0	0	0	0	0	0	0	0	0	0	0	0	0	0	0	0	0	0	0	0	0	0	0	0	0	0	0	2	0	0	0	0	0	0	0	0	0	0	0	0
c__Lingulata	0	6	0	43	96	16	3	37	16	11	5	3	1	6	6	20	6	1	34	17	2	35	19	2	16	14	21	19	11	7	9	23	1	7	16	28	65	3	23	12	21	2	9	9	2	0	19	21	12	6	34	6	2	6	1	1	0	2	7	3	7	1
c__Amphibia	6	20	4	52	75	30	2	25	14	16	5	8	3	7	15	22	18	2	63	45	20	7	9	5	38	39	32	81	33	30	47	40	7	34	10	49	71	0	54	37	28	3	58	22	28	0	21	29	6	15	39	6	14	20	17	10	2	12	20	10	14	45
c__Demospongiae	20	105	19	33	62	16	2	193	52	27	11	7	11	29	16	40	13	44	335	279	4	3	17	1	108	151	57	41	54	23	62	57	11	18	35	107	114	2	86	41	44	2	66	48	11	0	20	17	9	131	195	0	4	10	0	13	3	17	13	4	9	4
c__Xanthophyceae	13	39	11	14	22	17	2	19	14	10	26	30	4	9	10	9	2	5	45	38	5	16	13	1	13	25	6	19	14	2	14	5	8	15	3	15	19	2	21	11	18	6	15	21	3	0	10	8	15	8	23	7	12	25	34	16	2	7	43	10	12	79
c__Sordariomycetes	8292	33966	12503	61973	44074	7033	15056	55307	25405	19496	5430	6142	10516	74871	49110	85671	230148	2097	125977	164510	747	708	1177	1269	234732	65303	208225	45584	125303	108440	81165	159612	1574	154043	25809	34612	23878	39	37123	33767	36177	541	217068	88796	3048	13	59349	8107	5285	27799	31243	193	634	4379	3728	287	905	56463	14692	410	13289	2470
c__Neocallimastigomycetes	22	94	11	196	94	52	20	24	101	58	93	12	16	43	32	163	38	15	162	151	3	26	3	5	137	111	69	60	127	59	121	52	6	111	48	45	37	0	52	92	38	0	77	67	15	0	52	104	69	13	26	3	11	1	2	5	6	41	17	2	6	24
c__Candidatus Micrarchaeia	0	0	0	0	0	0	0	0	0	0	0	0	0	0	0	0	0	0	0	0	0	0	12	0	0	0	0	0	0	0	0	0	0	0	0	0	1	0	0	0	1	0	0	0	0	0	3	0	0	9	5	0	0	0	0	1	0	0	2	0	0	0
c__Palmophyllophyceae	0	0	0	0	0	0	0	0	0	0	0	0	0	2	3	0	0	0	0	0	0	0	0	0	0	0	0	0	0	0	0	0	0	0	0	0	0	0	0	0	0	0	0	0	0	0	0	0	0	0	0	0	0	0	0	2	0	0	0	0	0	0
c__Eustigmatophyceae	11	73	13	25	27	9	6	30	30	16	13	20	4	61	177	11	11	2	77	26	11	83	30	1	29	22	10	14	15	4	14	18	30	9	6	20	25	0	26	16	15	0	20	18	4	0	7	20	5	34	104	13	42	0	5	21	3	7	14	3	23	10
c__Balneolia	165	299	212	71	100	113	108	207	41	1597	1290	297	254	325	98	31	60	74	73	65	53	419	134	37	80	100	54	64	26	24	94	29	342	33	125	103	79	47	93	3368	168	465	7	11	289	9	94	181	121	355	1035	92	336	81	141	554	322	221	571	1808	4618	1705
c__Coleochaetophyceae	0	0	0	3	0	0	0	1	0	0	2	0	0	0	0	1	0	0	0	2	0	0	0	0	3	1	0	6	3	0	2	16	0	5	0	6	0	0	4	0	9	0	3	2	0	0	2	1	0	2	0	0	0	0	0	0	0	0	0	0	0	0
c__Theionarchaea	4	9	2	10	13	17	8	9	8	11	12	8	12	30	4	5	1	5	16	12	26	142	36	13	17	21	9	54	2	1	3	9	80	3	12	8	5	0	12	42	17	54	2	1	2	0	28	27	0	21	40	11	90	67	52	43	27	0	7	43	12	5
c__Lepidosauria	5	57	20	41	105	86	1	50	19	21	11	4	9	32	14	62	20	12	113	103	40	7	19	14	47	68	23	41	29	26	517	36	14	54	23	56	83	0	66	30	42	2	48	21	46	0	19	21	7	25	38	0	4	11	11	9	4	21	7	17	21	22
c__Planctomycetia	18671	51572	35926	24916	28689	9301	2821	43137	9357	10924	4360	5573	3295	19173	20081	5652	16449	3415	138420	106309	3711	10642	72067	818	72317	93058	21261	14363	9258	10078	5724	16770	6170	11445	7119	29953	23025	273	67336	23201	13347	3044	3700	4365	926	25	17513	17450	7313	15516	11506	2074	7237	2052	4350	5871	2362	4907	3111	3506	4210	3961
c__Conoidasida	39	216	53	471	5875	298	132	11293	1924	167	72	180	110	295	127	273	991	29	14192	11970	22	42	68	28	2394	7317	523	1228	1141	793	123	67	124	93	100	3534	2225	3	3175	3679	1335	30	630	690	15	0	60	256	148	68	163	2	23	127	165	31	20	139	78	87	67	107
c__Trematoda	31	37	25	84	220	129	11	548	245	44	30	40	21	35	24	94	36	31	792	634	10	34	30	40	176	380	67	126	135	50	60	52	15	44	45	225	204	8	112	38	75	18	71	34	39	0	32	30	18	19	50	3	22	255	418	9	3	34	13	20	27	44
c__Filasterea	4	109	17	50	36	21	5	20	26	71	94	8	12	12	13	19	6	4	78	24	0	6	21	3	43	47	13	15	28	1	15	14	10	18	6	24	34	0	27	26	5	2	16	13	0	0	24	27	2	12	7	3	1	4	3	17	9	6	6	0	6	11
c__Staurozoa	0	0	0	0	0	0	0	2	0	0	0	0	0	0	0	0	0	0	0	0	0	1	0	0	0	0	0	0	0	0	0	0	0	0	0	0	0	0	0	0	0	0	0	0	0	0	0	0	0	0	0	0	0	0	0	0	0	0	0	0	0	0
c__Halobacteria	641	1675	912	122597	387196	2775807	6868	45035	1009	58556	7896	29783	66171	58281	20472	17127	11529	809	3903	2104	23453	10459	5435	579460	533350	20322	66882	2022813	772	330	254	900	592777	589	1025	501531	262768	617	953	578907	211161	2454770	2673	5468	14852	14168	14476	104201	970	10337	12594	1733	6627	3594104	4710351	679690	353642	5194	4813	2108423	121831	33869
c__Glaucocystophyceae	0	5	0	16	10	1	0	1	5	6	0	3	4	4	2	0	0	0	5	1	0	5	1	0	12	3	8	9	1	0	0	2	6	8	2	8	6	0	11	8	3	5	0	3	9	0	0	4	0	6	2	0	8	0	0	4	3	3	0	20	10	41
c__Bacilli	284429	202665	19349	17786	60456	38010	446689	28700	43935	1474319	257977	1387016	1415699	2479858	2953114	35602	39226	13423	175960	41720	14527	59681	35675	37305	159514	25558	1077328	10221	19054	12846	621328	6617	135564	10111	1843743	12396	9595	1373	15935	49815	14373	22151	1992828	111208	31312	272	1787803	3826727	2281756	25093	62977	10374	36770	6585	13463	41736	15863	43754	232283	18411	110686	309989
c__Candidatus Brocadiia	69	66	57	43	51	21	47	89	24	81	295	82	23	106	312	13	31	5	104	103	72	217	253	15	60	133	45	24	7	10	38	35	157	29	34	58	62	6	113	111	47	116	5	13	9	0	43	84	77	68	143	59	126	14	26	318	29	91	29	88	105	70
c__Centroplasthelida	0	3	0	0	1	0	0	0	1	0	0	0	0	0	0	1	0	0	0	0	0	0	0	0	1	0	0	0	0	0	0	1	0	1	0	0	0	0	1	0	0	0	0	0	0	0	1	0	0	0	0	0	0	0	0	0	0	0	0	0	0	0
c__Scaphopoda	0	0	0	0	0	0	0	0	0	0	0	0	0	0	0	0	0	0	0	0	0	0	0	0	1	0	0	0	0	0	0	0	0	0	0	0	0	0	0	0	0	0	1	0	0	0	0	0	0	0	0	0	0	0	0	0	0	0	0	0	0	0
c__Chlorodendrophyceae	19	52	39	21	28	17	7	33	26	35	164	24	24	19	7	17	10	58	72	33	21	115	23	1	28	36	19	19	26	65	24	24	19	25	76	18	18	0	30	40	17	5	16	10	42	0	41	38	52	22	26	18	42	2	9	24	6	82	231	13	179	480
c__Resentoviricetes	0	0	0	0	0	0	0	0	0	0	0	0	0	0	0	0	0	0	0	0	0	0	0	0	0	2	0	0	0	0	2	2	0	0	0	0	0	0	0	0	0	0	0	0	0	0	0	0	0	0	0	0	0	0	0	0	0	0	0	0	1	0
c__Pinopsida	4	14	6	142	124	17	6	348	31	42	8	26	0	18	11	34	120	3	262	539	41	0	3	5	132	148	58	298	73	710	38	369	0	307	116	980	169	0	543	278	829	8	54	5	38	0	11	30	111	29	4	1	29	13	3	0	16	19	13	10	14	3
c__Arfiviricetes	0	1	0	0	1	0	0	1	0	0	0	0	0	0	0	0	0	0	0	0	0	0	0	0	0	0	0	0	0	0	0	0	0	0	1	1	0	0	0	0	0	0	0	0	0	0	0	0	0	0	0	0	0	0	2	0	0	0	0	0	0	0
c__Priapulimorpha	2	16	3	30	61	36	3	27	8	7	16	4	0	12	1	10	3	2	22	11	2	8	5	0	18	15	6	137	7	6	11	5	2	2	4	54	72	2	43	10	6	2	4	4	1	0	2	3	1	6	7	4	10	0	2	1	1	6	1	0	3	3
c__Lentisphaeria	23	61	37	38	50	27	17	70	26	60	29	61	56	57	45	19	14	22	53	59	47	491	118	17	37	87	28	14	15	32	15	18	215	19	14	38	26	5	123	153	35	294	15	6	19	1	26	68	54	339	730	83	267	18	11	418	72	30	65	177	104	82
c__Nephroselmidophyceae	0	0	0	0	0	0	0	0	0	0	0	0	0	0	0	0	0	0	0	0	0	0	0	0	0	0	0	0	0	0	0	0	0	0	0	1	0	0	0	0	0	0	0	0	0	0	0	0	0	0	0	0	0	0	0	0	0	0	0	0	0	1
c__Conexivisphaeria	0	0	0	2	0	3	0	0	1	0	1	0	0	0	0	0	0	0	0	0	0	3	1	1	0	1	0	0	0	0	0	0	1	0	0	0	0	0	0	2	2	0	0	0	0	0	2	0	0	0	0	0	2	0	2	0	0	0	0	1	2	0
c__Bacteroidia	1567	1622	1600	1060	4161	1107	5691	2171	528	16799	17622	1928	1917	3002	3198	281	469	2848	878	11157	792	2857	1332	396	791	2102	598	401	305	1614	692	419	1824	767	1157	2927	1325	70	1933	2542	872	490	1171	484	3914	14	790	2242	1720	703	1110	650	1919	2027	1863	1204	485	1366	6519	2005	7409	29551
c__Methanomicrobia	196	276	243	478	535	1820	121	333	98	665	438	800	676	618	506	120	172	118	386	572	254	3049	1855	385	527	498	212	1112	99	181	254	180	2433	175	202	542	367	81	613	2043	593	2979	219	90	86	12	266	597	252	681	1182	511	1749	2267	2906	3888	980	242	367	3101	757	509
c__Monoblepharidomycetes	22	27	19	132	64	24	20	23	103	88	28	39	23	44	37	98	21	28	55	57	8	42	67	5	63	94	31	41	99	36	70	58	15	40	6	31	33	4	51	101	39	16	48	24	8	0	33	37	36	40	36	1	10	11	16	13	2	28	28	7	22	33
c__Candidatus Peribacteria	17	8	51	6	19	1	1	16	2	17	4	0	2	17	7	4	8	2	40	36	5	68	67	3	17	35	7	16	1	0	0	8	2	4	6	11	8	1	26	17	5	11	2	0	1	0	7	10	6	11	19	18	54	11	14	2	1	3	4	1	12	7
c__Thecostraca	3	43	10	73	178	32	3	63	8	10	13	5	5	14	0	5	9	14	56	43	3	6	44	6	17	47	11	24	46	58	11	19	8	11	28	59	211	2	114	15	22	17	18	11	5	0	2	6	2	27	53	1	6	6	8	8	8	2	2	26	7	18
c__Terrimicrobia	1	5	0	9	2	2	0	6	2	5	76	2	2	7	0	4	2	0	15	3	2	48	2	0	3	2	0	0	1	0	0	4	2	0	4	4	6	0	2	1	2	2	2	0	2	0	0	0	0	4	3	1	2	0	0	0	0	3	3	3	4	13
c__Umbelopsidomycetes	23	34	7	209	75	14	25	21	94	71	19	22	19	29	16	139	17	63	165	63	5	99	16	9	140	92	26	49	105	42	69	61	49	29	35	30	16	0	26	176	53	8	45	29	11	0	29	66	5	56	22	12	60	8	5	66	28	154	12	36	10	12
c__Raphidophyceae	29	45	61	12	18	31	6	21	32	43	114	45	32	31	14	29	115	188	47	32	18	56	26	3	14	32	13	7	38	120	14	23	35	91	157	18	24	1	27	37	19	18	6	6	84	0	13	23	57	16	38	9	61	8	9	38	15	218	291	24	502	661
c__Thermomicrobia	437	594	741	546	723	431	82	1531	213	507	314	1727	1290	677	259	104	167	149	580	678	7710	111637	49311	672	357	1600	208	225	101	173	100	162	8684	234	298	830	600	1142	1199	4793	1607	3184	81	76	43	40	460	1249	285	3456	8515	12664	36132	203	236	12885	2008	221	199	3025	479	323
c__Malasseziomycetes	1487	2918	781	1398	2084	441	1548	731	11780	5105	1169	162	186	805	1319	15398	1211	688	5375	6011	659	245	649	381	2245	236	106	239	13048	3841	8024	3796	54	2498	1428	537	433	30	108	619	409	76	362	834	1464	0	389	163	240	140	300	9	32	58	327	7	206	2622	131	98	26	252
c__Dimargaritomycetes	9	28	3	141	56	22	3	12	12	10	4	6	0	7	5	19	7	6	33	22	1	0	4	1	52	48	17	21	16	2	19	14	1	21	5	12	4	0	7	17	17	11	33	13	5	0	23	28	5	3	10	0	0	0	0	1	0	16	4	19	0	2
c__Rhodellophyceae	0	0	0	2	0	0	0	0	0	1	0	0	0	0	0	0	0	0	2	0	0	2	0	0	0	0	0	0	1	0	0	1	0	2	0	2	0	0	5	0	0	0	0	0	0	0	0	0	0	0	0	0	0	0	0	0	0	2	0	2	8	0
c__Dictyochophyceae	12	52	13	25	29	14	5	23	35	9	70	5	12	9	18	34	3	17	62	41	3	9	65	9	24	48	20	11	40	3	22	20	44	9	3	17	17	1	22	38	24	6	7	12	2	0	19	17	1	11	20	4	25	7	6	25	16	13	5	14	13	11
c__Hexactinellida	0	3	0	0	1	0	0	0	0	0	0	0	0	1	0	1	5	0	9	1	0	0	0	0	11	0	0	0	2	0	0	8	0	0	0	0	0	0	1	0	0	0	7	0	0	0	0	1	0	0	0	0	0	0	1	0	0	0	0	0	0	0
c__Nitrospira	503	707	667	280	472	249	90	822	196	539	1051	829	438	566	357	67	218	354	677	679	198	1799	1926	112	354	902	199	140	124	374	117	196	1003	253	564	507	328	45	1055	1024	318	477	103	60	166	5	163	356	739	801	1756	295	1204	113	109	920	337	760	774	654	1146	1116
c__Chloroflexia	1010	1998	3268	2340	3076	1305	369	7317	698	1829	1184	4624	3343	4952	864	393	568	393	1276	1631	43958	632923	131939	5874	834	3860	455	709	221	443	196	656	61194	582	1004	3000	2072	11939	4769	20865	6136	11617	656	240	287	177	1259	2850	1050	14290	34751	127954	361812	817	888	63927	8705	577	656	14985	1664	951
c__Cladistia	1	6	0	74	42	8	4	30	3	1	0	1	0	17	30	4	3	0	4	9	8	4	0	8	22	21	3	60	3	4	3	12	1	9	10	7	12	0	14	3	6	1	21	4	46	0	4	13	1	1	8	1	0	0	3	1	5	4	2	10	0	2
c__Hyperoartia	5	9	5	2	17	7	4	8	3	7	7	3	4	3	1	8	4	2	4	6	2	2	18	8	5	5	4	11	4	4	8	4	1	3	3	13	11	1	17	4	5	9	4	11	14	0	4	5	6	6	9	1	1	0	7	2	6	2	2	0	6	6
c__Desulfuribacillia	34	34	3	9	0	2	29	5	2	183	51	223	199	499	265	3	3	0	18	2	2	15	25	4	18	7	42	4	0	3	121	2	25	1	31	0	1	0	3	12	3	7	76	13	9	0	104	355	109	4	7	3	1	2	4	3	0	3	33	17	66	33
c__Acidithiobacillia	185	82	76	55	63	332	10	74	35	88	506	163	65	138	81	18	45	194	108	161	27	188	242	17	52	168	36	33	23	412	50	46	170	99	272	71	73	3	126	164	74	132	18	21	50	0	17	71	226	92	111	53	168	8	18	191	77	305	346	83	370	687
c__Ktedonobacteria	404	1193	572	2729	4493	1504	323	3264	658	1395	421	2861	1841	1878	1940	563	1592	347	6427	5840	2363	21437	117581	698	3803	21889	1105	2637	1159	691	1032	1703	17068	1661	2636	3322	2292	477	12052	11094	4004	7366	613	227	242	84	1712	3441	1022	19330	29228	3066	11132	1006	1073	17862	5117	498	465	6083	926	659
c__Breviatea	0	0	0	0	0	0	0	0	1	0	0	0	0	0	0	0	0	0	0	0	0	0	0	0	0	0	0	0	0	0	0	0	0	0	0	0	0	0	0	0	0	0	0	0	0	0	0	0	0	0	0	0	0	0	0	0	0	0	0	0	0	0
c__Candidatus Lambdaproteobacteria	36	25	32	5	10	22	5	12	9	22	20	48	10	40	33	3	2	10	26	24	1	14	23	21	12	11	8	2	12	3	2	0	1	16	18	4	8	0	8	30	9	24	3	33	3	0	16	16	52	23	31	9	23	8	3	50	2	15	21	92	51	12
c__Eurotiomycetes	12521	106266	35515	85463	139888	18240	17700	43959	60733	29209	3892	5709	2082	199443	42652	115811	90657	5827	334513	229059	980	471	1840	28832	547918	598310	243664	392176	44987	29947	110828	148669	1210	54562	34189	60695	42607	171	33039	115123	33196	994	389170	95479	4928	20	69265	14843	8636	66596	115307	237	570	4515	2819	346	833	10609	1154	256	1638	586
c__Glomeromycetes	708	4361	582	969	713	301	725	477	1548	3448	386	1788	3343	3960	3708	6561	4537	268	5528	13431	27	142	68	43	3520	839	9280	777	4552	2766	4910	5182	152	9593	3475	1481	537	11	734	1689	1124	45	24274	8074	116	1	7631	3913	1776	604	534	24	66	91	204	102	90	1479	137	78	606	303
c__Candidatus Nanoarchaeia	1	2	7	0	1	2	0	4	0	2	0	0	2	7	0	1	0	1	1	6	0	1	0	0	0	0	0	2	0	0	0	1	2	0	1	5	0	0	0	1	0	4	0	0	0	0	0	1	0	0	11	0	0	2	1	0	0	0	4	3	0	2
c__Sphingobacteriia	1687	3466	1245	1867	3436	745	104728	8785	1165	167757	66604	2188	16157	2058	1130	543	1256	76535	1307	2382	306	1649	951	89	1008	9123	902	852	803	1190	865	2745	1082	881	1055	3984	1763	56	3788	2072	1304	192	824	607	39061	1	616	1831	1411	859	1716	699	1224	416	483	429	209	1154	245543	670	247276	470892
c__Thermococci	20	17	17	21	82	247	13	62	11	51	303	29	28	41	14	1	15	54	19	28	15	212	34	58	69	61	6	96	4	28	12	12	113	14	60	110	73	1	37	110	48	293	9	3	17	0	34	64	14	20	18	72	194	355	511	145	54	17	73	188	146	91
c__Nanohaloarchaea	1	7	0	37	149	1357	11	23	1	61	5	16	21	35	28	12	2	0	4	4	14	52	17	152	226	17	20	967	2	0	1	2	219	0	1	188	85	2	8	245	129	934	0	4	10	9	5	54	1	27	101	13	87	1800	2156	309	88	1	9	913	60	17
c__Bigyra	89	302	99	154	113	53	18	114	104	70	75	33	50	55	40	67	31	73	305	141	14	74	116	7	106	140	22	40	60	38	61	61	27	86	49	145	55	8	85	61	79	20	82	15	20	0	40	55	52	43	66	45	176	10	17	33	35	55	45	36	84	104
c__Insthoviricetes	0	0	0	0	0	0	0	0	0	0	0	0	0	0	0	0	0	0	0	0	0	0	0	0	0	0	0	0	0	0	0	0	0	0	0	0	16	0	13	0	0	0	0	0	0	0	0	0	0	0	0	0	0	0	0	0	0	0	1	0	0	0
c__Spirochaetia	506	726	486	277	325	327	329	470	319	1454	1925	1718	1276	1218	915	156	548	362	443	620	384	3370	1117	128	443	426	595	216	193	151	538	151	1350	200	816	338	304	92	551	1163	402	661	529	96	285	10	702	1594	1373	687	1191	748	2587	287	327	1497	555	521	1571	953	2594	1924
c__Actinopteri	276	595	311	440	951	615	104	471	382	396	1108	522	224	421	436	1431	589	883	934	1449	390	350	258	102	642	549	889	545	711	972	677	1134	427	1442	1298	749	1017	24	888	497	320	187	1734	664	669	2	584	213	447	283	532	36	138	207	263	240	110	1718	1676	246	1057	3018
c__Tepidiformia	1	3	3	3	13	0	0	9	2	2	2	0	3	4	6	1	2	0	5	7	0	5	31	1	0	15	4	2	1	0	0	0	7	1	0	6	6	4	14	3	1	0	0	0	0	0	0	3	1	3	0	1	19	2	0	25	12	0	2	2	2	2
c__Hadesarchaea	4	7	6	6	8	21	1	9	2	18	37	7	1	12	3	2	2	2	3	11	8	90	57	3	9	21	19	32	1	1	6	3	23	5	28	8	11	0	11	39	19	79	39	1	3	0	10	18	5	6	6	16	28	79	104	43	14	6	2	42	9	11
c__Cycadopsida	0	0	0	0	0	0	0	0	0	0	0	0	0	0	2	0	0	0	0	6	0	0	0	0	0	0	0	0	0	2	0	0	0	3	0	5	0	0	2	0	4	0	0	0	0	0	0	0	0	0	0	0	0	0	0	0	0	0	0	1	0	0
c__Clitellata	5	27	12	24	53	26	3	4	22	23	3	3	6	19	10	54	15	5	77	87	4	1	9	0	32	19	62	59	72	84	64	41	1	48	24	34	41	2	22	20	7	0	52	29	1	0	30	7	2	13	17	2	6	0	2	4	0	17	4	7	11	1
c__Chondrichthyes	3419	748	3705	99	650	83	74	381	340	276	579	294	229	240	190	59	130	1114	849	723	469	156	365	149	211	447	111	78	150	240	66	399	36	314	289	298	215	11	396	124	97	21	42	355	7540	0	61	79	164	93	73	27	64	24	43	23	418	210	438	226	690	705
c__Blastocatellia	437	1179	706	1069	1667	603	98	4080	610	952	617	1076	702	1029	890	266	615	196	1704	2658	549	5964	3316	153	666	2359	322	478	296	334	320	832	4673	796	476	2195	1530	156	4409	4008	1462	1317	105	143	200	8	331	469	270	3061	5517	1041	3971	229	329	4169	1734	646	517	1917	1487	1010
c__Flabellinia	13	76	8	67	91	22	2	48	38	24	11	9	15	40	40	29	7	1	85	49	4	30	38	1	29	82	14	27	32	6	21	20	0	8	2	34	36	0	44	12	19	10	13	7	1	0	6	21	12	23	45	6	4	8	7	2	1	20	4	3	3	9
c__Tissierellia	228	137	76	169	259	108	377	827	65	1129	211	1342	1046	2403	2609	76	71	21	141	221	155	600	232	54	152	88	428	28	31	36	442	24	235	48	730	113	110	15	110	210	99	297	867	76	190	1	1182	2022	1209	212	510	214	701	77	138	406	93	64	665	184	458	419
c__Homoscleromorpha	0	0	0	1	2	0	1	0	0	0	0	0	0	0	0	0	0	0	0	0	0	0	0	0	2	4	0	1	0	0	0	0	0	0	0	0	2	0	1	0	0	0	0	0	0	0	0	1	0	0	0	0	0	0	0	0	0	0	0	0	0	0
c__Stelpaviricetes	0	0	0	0	0	0	0	1	0	0	0	0	0	0	0	2	0	0	0	1	0	0	0	1	0	0	1	0	2	2	0	0	0	0	0	0	0	0	0	1	0	0	0	0	0	0	0	0	0	0	0	0	0	0	0	0	0	1	0	0	0	0
c__Imbricatea	0	13	1	0	1	0	0	0	3	2	0	0	1	2	14	3	0	0	26	0	1	1	0	0	1	2	2	0	5	0	0	0	0	0	0	0	0	0	0	1	0	0	0	0	0	0	0	2	0	1	0	0	0	0	0	0	0	1	2	1	0	2
c__Pycnogonida	2108	659	3051	114	281	235	172	287	255	699	2322	1595	1105	319	151	42	203	756	187	181	66	352	316	51	91	195	51	390	62	357	58	88	65	112	266	196	269	29	261	157	78	28	175	210	275	0	63	114	857	181	424	81	230	32	55	84	38	248	611	53	2876	3388
c__Howeltoviricetes	0	0	1	3	10	6	0	36	6	4	0	0	2	0	6	0	7	0	17	26	0	2	8	2	12	35	1	17	27	36	19	19	0	26	47	23	30	0	8	2	8	0	0	5	0	0	0	1	0	2	0	0	0	5	8	0	0	0	2	0	1	2
c__Anaerolineae	393	748	490	917	993	680	189	1470	428	1065	636	1365	1067	1559	1990	151	405	308	1138	1556	1602	15935	9898	236	551	1829	468	318	190	217	476	414	6202	433	725	1464	939	561	2111	4021	1323	2628	501	129	155	31	638	1284	654	3370	8079	2710	8924	454	612	5917	1851	466	552	2712	2003	882
c__Schizosaccharomycetes	34	66	17	6837	2896	1054	109	151	136	218	98	24	14	42	149	274	109	11	535	163	34	16	20	115	2630	2527	460	882	120	29	104	80	307	55	20	445	178	0	281	552	517	12	1499	575	456	2	685	1490	56	116	291	3	1	2	0	98	58	228	17	14	21	31
c__Myxini	0	3	4	9	28	4	1	3	2	5	2	1	0	1	1	14	0	0	4	14	3	0	1	23	6	8	4	40	10	12	5	6	0	8	4	27	25	0	5	12	28	2	12	3	7	0	1	0	3	6	17	0	4	5	5	7	6	0	0	2	9	2
c__Candidatus Saccharimonadia	11	326	36	4	466	7	5	80	35	21	42	6	10	332	42	3	6	6	14	197	12	50	38	9	5	16	0	3	5	3	36	10	3	12	0	21	12	0	26	16	7	1	2	2	26	0	7	6	1	12	5	8	10	0	7	20	5	3	3	1	3	3
c__Monogenea	4	9	4	15	15	4	5	12	30	13	6	0	0	9	8	40	4	2	3	27	0	3	13	8	11	8	6	3	36	7	18	5	0	5	3	11	13	0	5	3	3	2	9	2	2	0	2	2	4	11	2	2	1	0	0	1	0	7	9	0	3	2
c__Thermoanaerobaculia	37	50	34	47	71	27	9	72	14	45	62	80	26	68	132	10	12	50	52	56	11	201	138	4	19	79	13	17	13	17	17	24	116	75	11	54	31	8	87	132	26	79	3	8	4	0	11	23	26	37	39	26	70	7	13	51	22	26	32	82	93	27
c__Laserviricetes	0	0	0	0	0	3	0	0	0	0	0	0	0	1	0	0	0	0	1	0	2	0	0	0	0	0	0	0	0	0	0	0	6	0	0	1	0	0	0	1	0	165	0	0	0	2	0	1	0	0	1	0	5	25	18	20	15	0	0	57	2	0
c__Taphrinomycetes	21	36	17	6385	2599	860	108	136	215	218	79	7	16	61	135	371	103	6	299	150	35	15	6	124	2523	2284	434	798	251	95	185	116	10	79	24	455	134	0	239	473	476	11	1285	535	388	0	598	1278	44	69	80	0	7	5	11	1	13	216	28	0	21	22
c__Chlorarachniophyceae	24	937	35	49	40	47	5	52	24	36	52	6	15	24	59	20	10	18	900	76	21	32	39	9	57	98	24	36	17	25	18	30	27	76	18	35	35	2	62	34	26	12	26	7	8	0	26	32	11	70	216	8	24	20	23	55	8	29	13	17	27	21
c__Rhabditophora	220	68	168	66	117	48	25	44	83	49	28	146	14	82	143	79	27	16	90	91	5	40	34	2	79	54	57	42	95	32	74	56	7	37	24	137	115	1	75	39	20	9	67	44	7	0	32	24	122	64	107	6	34	7	12	27	9	21	15	29	23	28
c__Charophyceae	27	128	15	59	62	21	5	122	58	54	21	55	20	41	39	40	16	56	242	173	13	65	25	22	95	128	23	40	77	100	64	55	44	59	35	122	78	0	119	81	60	27	45	52	9	0	47	23	44	65	74	15	61	7	28	69	24	32	26	36	40	44
c__Dothideomycetes	54852	640306	114319	1388843	818482	173101	123567	933850	230701	318016	55546	51147	21586	451137	356425	1462386	946992	7198	1216894	1350065	2741	1428	3448	3080	1313397	750930	1933870	239405	1137668	637293	1826653	1892194	9219	1597187	403408	1477217	445586	233	532915	992253	1294498	1393	2380809	970639	78531	92	981203	206560	93761	572092	784443	331	910	55799	22093	704	54254	561747	42195	5244	67237	6235
c__Candidatus Fermentibacteria (class)	0	0	0	0	1	0	0	0	0	0	8	0	6	4	0	0	0	0	0	0	0	1	0	0	0	0	0	0	1	0	0	0	0	0	0	0	0	2	0	2	0	0	0	0	0	0	0	0	0	0	0	0	1	0	0	1	0	0	2	0	0	2
c__Atribacteria	0	3	0	0	0	0	0	0	0	4	0	3	5	0	0	2	0	0	0	0	1	24	0	0	1	0	0	0	0	0	0	0	1	0	1	0	2	0	0	0	0	2	0	0	0	0	0	1	0	2	0	0	0	0	0	1	0	6	1	0	0	1
c__Zoopagomycetes	49	103	54	201	117	62	28	48	221	112	176	33	39	37	31	232	32	135	139	129	8	6	14	7	117	104	28	28	252	38	141	76	4	46	38	31	29	1	51	52	36	3	68	36	22	0	25	47	23	20	18	6	11	14	10	6	5	86	26	4	13	32
c__Ichthyosporea	12	24	10	24	21	8	2	14	9	24	10	14	5	15	6	33	4	30	53	32	2	4	19	0	23	62	12	9	21	37	12	10	2	3	39	16	18	0	22	7	13	10	11	7	4	0	11	8	29	9	16	2	14	0	1	3	0	98	35	4	15	17
c__Stylonematophyceae	2	18	7	6	13	6	4	14	4	4	18	12	10	4	8	2	5	10	26	10	2	53	12	0	10	15	4	5	8	11	1	4	8	5	13	6	16	0	3	11	2	9	4	1	6	0	7	5	6	3	8	4	7	7	10	5	4	4	18	19	12	20
c__Zetaproteobacteria	52	52	72	28	34	46	11	65	18	67	177	186	56	72	33	18	18	53	65	68	34	437	222	17	26	84	9	6	8	89	11	21	331	82	66	57	50	12	81	277	96	82	4	12	20	1	25	75	168	184	440	64	223	5	17	334	96	102	109	114	226	215
c__Chitinophagia	4179	5542	2316	3740	7887	1687	14204	13641	1251	33069	102152	1529	4369	1847	2386	473	1556	6120	1865	2851	318	859	1431	187	1414	9293	1013	1038	314	1098	702	2018	3826	1238	912	10454	4838	37	9249	3872	2954	353	697	915	5558	0	726	1577	803	1334	1909	522	1169	543	1055	557	230	2108	44018	550	47171	59564
c__Methanobacteria	213	56	35	130	312	249	37	178	32	136	112	339	148	156	458	17	34	12	133	238	59	311	154	33	78	246	47	138	9	19	182	76	178	20	28	358	210	10	598	396	194	271	32	30	27	3	99	184	402	86	75	52	188	161	254	210	49	22	78	179	237	177
c__Papovaviricetes	0	0	2	0	18	2	0	6	2	0	0	0	0	0	0	0	0	0	0	0	2	0	0	2	0	0	0	0	0	8	2	2	0	2	0	2	35	0	0	2	0	0	0	26	4	0	2	0	0	0	0	0	0	2	0	0	0	0	0	0	0	0
c__Myxozoa	6	29	2	26	29	9	2	14	8	13	32	123	296	5	1	11	924	9	31	34	3	0	8	2	22	38	4	19	6	20	13	6	4	10	4	50	34	1	24	11	13	4	10	5	1	0	1	10	1	10	12	1	0	2	21	2	0	35	10	1	7	10
c__Armophorea	1	0	0	0	0	1	0	0	0	0	0	0	0	0	0	0	0	0	0	0	0	0	0	0	2	0	0	2	0	0	0	0	0	0	0	0	0	0	0	0	0	0	1	0	0	0	0	0	0	0	0	0	0	0	0	0	0	23	0	0	0	0
c__Mamiellophyceae	54	101	44	107	100	34	15	74	80	80	45	210	69	61	29	122	30	31	139	88	23	76	42	25	111	102	48	51	89	30	72	68	119	42	43	66	59	0	61	107	64	30	65	61	16	0	44	84	77	34	62	33	105	16	18	207	38	27	13	50	38	42
c__Oligohymenophorea	1626	181	77	172	171	448	27	438	192	165	674	397	85	144	170	109	128	1843	468	465	112	102	275	16	186	491	78	405	79	146	227	333	140	113	371	1388	359	1	1077	128	502	10	188	55	79	0	67	26	522	45	164	19	50	58	211	12	6	453	806	18	628	789
c__Thermoprotei	88	88	47	113	164	582	79	87	185	230	134	243	290	424	443	145	70	112	200	144	118	1204	612	267	196	112	116	543	131	126	177	71	991	108	226	146	103	35	111	655	209	888	94	42	32	12	119	212	94	396	809	285	959	1055	1376	913	338	75	79	855	110	148
c__Candidatus Nanosyncoccalia	0	1	6	4	11	4	2	25	2	2	2	2	0	12	4	3	9	0	4	50	0	0	0	0	4	11	2	4	2	2	2	12	0	0	0	6	1	0	34	7	11	0	0	0	2	0	2	2	0	0	0	0	0	0	0	0	0	4	0	0	1	6
c__Candidatus Methanomethylicia	0	13	3	6	2	7	0	0	2	5	3	1	3	0	3	2	0	0	4	9	1	11	26	24	18	25	0	21	0	0	2	7	7	0	1	9	7	2	4	14	6	13	0	6	0	1	3	5	1	3	2	4	20	12	16	7	3	0	0	14	2	19
c__Candidatus Undinarchaeia	0	2	0	0	2	0	1	2	1	0	0	1	1	3	0	0	0	0	1	5	0	0	0	0	0	2	0	0	0	0	0	0	1	0	0	1	2	0	0	2	0	3	0	0	2	0	0	1	1	0	0	4	0	0	2	2	0	1	0	0	0	5
c__Orbiliomycetes	82	370	95	1248	909	240	81	1069	421	328	62	35	22	401	283	734	551	23	832	1011	17	4	22	43	1300	1859	1131	760	739	425	1037	1391	25	783	272	927	479	0	875	513	559	6	1710	859	76	0	600	233	86	1337	1405	2	7	106	54	6	12	190	30	3	22	16
c__Kinetoplastea	37	108	42	133	121	62	27	106	83	61	181	39	63	54	32	69	39	23	214	180	23	108	67	13	139	222	51	60	101	63	93	74	196	73	28	112	75	10	90	110	110	39	101	58	27	0	39	66	48	84	107	17	39	32	53	52	28	49	35	128	192	100
c__Cytophagia	2627	9648	3051	7380	7621	1942	8401	16393	2483	528380	978427	15570	22816	16314	2846	1506	2346	5600	3347	6478	948	6639	2867	239	3255	7207	2438	1890	1498	1819	2421	3671	2532	1971	4042	7755	4675	217	11620	8620	4909	1412	2622	1165	17961	6	1479	21815	20847	2800	3652	7308	11601	897	1353	2188	1048	4514	20177	2863	20093	278754
c__Gymnolaemata	4	6	0	9	33	8	0	14	11	4	0	4	0	6	2	4	5	1	21	11	6	5	19	3	13	11	7	12	5	4	4	6	6	10	2	19	73	0	25	13	10	23	10	1	0	0	4	4	5	3	15	0	6	4	7	21	15	8	2	24	0	1
c__Candidatus Termititenacia	10	30	18	27	4	2	0	13	10	25	30	6	0	10	16	0	5	6	11	5	1	12	89	2	4	2	6	1	5	5	3	3	17	2	2	9	3	2	12	9	2	14	0	11	2	0	4	8	5	6	10	7	15	0	2	5	5	4	8	55	1	16
c__Armatimonadia	65	274	71	277	1549	102	20	529	118	275	78	102	90	233	276	87	416	83	567	300	63	531	838	12	279	1401	70	211	61	102	69	423	279	243	314	793	583	28	1295	542	374	99	61	25	23	1	111	94	80	1067	416	108	377	69	133	181	102	82	147	167	172	164
c__Exobasidiomycetes	34348	24302	24549	35855	1826	586	49200	2292	409226	170228	34539	3240	4381	4951	24267	498086	27690	1574	31000	67958	61	22	69	21	72623	2926	334	3832	416700	10761	271929	130891	349	7194	2716	1050	555	2	922	2468	2055	11	4922	4399	638	2	1393	598	1133	676	265	11	34	59	58	45	64	87700	4230	29	745	8464
c__Candidatus Mcinerneyibacteria	0	0	1	1	0	2	8	4	2	7	2	10	18	5	3	0	1	0	1	4	0	10	9	0	5	0	1	0	0	0	8	1	0	1	8	0	0	0	2	3	2	1	1	1	2	0	6	3	3	2	8	2	8	8	1	2	2	0	0	2	8	2
c__Phycisphaerae	955	3184	2032	1814	2838	1032	380	5768	803	1315	1120	1045	642	1451	1549	330	884	602	3218	4095	387	2967	2916	233	1635	5286	605	863	396	865	419	1434	2269	844	1000	3071	2112	94	4870	2642	1410	850	204	203	210	13	746	870	459	1284	1705	643	2080	503	1039	1717	652	664	588	1257	1773	977
c__Pedinophyceae	17	14	11	38	14	3	6	10	102	42	13	10	1	10	40	475	14	7	26	38	2	24	7	2	25	14	2	5	351	6	82	25	9	5	4	11	18	0	14	16	3	37	9	2	0	0	0	10	2	7	5	3	3	5	3	17	3	26	4	27	5	3
c__Diplopoda	0	0	0	0	0	3	0	0	0	0	0	0	0	0	0	0	0	0	2	0	0	0	0	0	0	0	2	0	0	0	0	0	0	0	0	1	0	0	0	0	0	0	0	0	0	0	0	0	0	0	0	0	0	0	0	0	0	0	0	0	0	0
c__Ulvophyceae	34	134	113	42	71	4	0	78	18	24	10	15	15	66	44	7	20	3	90	86	4	35	28	5	39	44	19	23	12	19	11	43	10	14	11	16	40	0	67	55	22	17	16	17	4	0	11	17	13	13	5	5	21	2	2	12	4	11	14	17	33	24
c__Arachnida	775	3131	612	8174	31791	72638	1383	5128	1187	1294	585	718	674	1709	1301	2211	1546	452	8837	9199	304	485	292	328	2605	4100	2454	19555	2720	2174	1627	3667	440	3496	2675	158434	20042	1331	4904	2570	7640	372	5890	2234	461	2	1873	1212	486	4363	5129	673	922	3217	2094	400	161	636	201	173	423	541
c__Appendicularia	5	26	0	7	53	10	13	7	6	9	4	7	3	4	1	4	7	2	33	25	0	11	17	3	9	15	5	8	4	9	4	5	19	9	6	22	35	0	24	13	14	18	6	6	5	1	22	13	22	7	7	2	10	4	0	21	1	2	1	15	4	5
c__Magsaviricetes	0	0	0	0	0	0	0	0	0	0	0	0	0	0	0	0	0	0	0	0	0	0	0	0	0	0	0	0	0	0	0	0	0	0	0	0	0	0	0	0	0	1	0	0	0	0	0	0	0	0	0	0	0	0	0	0	0	0	0	0	0	0
c__Remipedia	0	0	0	0	0	0	0	0	0	0	0	0	0	0	0	0	0	0	0	0	0	0	0	0	0	0	0	0	0	0	0	0	0	0	0	0	2	0	0	0	0	0	0	0	0	0	0	0	0	0	0	0	0	0	0	0	0	0	0	0	0	0
c__Agaricostilbomycetes	6	2	9	9	2	0	2	2	106	30	7	0	2	0	11	87	4	0	2	12	0	0	0	0	6	20	0	4	64	3	67	26	0	1	0	0	0	0	5	2	2	0	2	0	0	0	0	0	0	0	0	0	0	0	0	0	0	22	2	0	0	2
c__Blastocladiomycetes	16	42	14	229	120	47	23	33	175	76	28	13	15	29	54	149	26	2	80	46	5	21	28	4	108	114	42	58	148	20	113	66	3	31	26	49	41	2	35	54	32	11	50	38	16	0	62	70	41	25	41	6	24	11	36	8	10	68	14	21	26	27
c__Litostomatea	0	0	2	0	0	4	0	0	0	0	0	0	0	0	0	0	0	0	0	0	0	0	0	0	0	7	0	0	0	0	0	0	0	0	0	0	0	0	0	0	0	0	0	0	0	0	0	0	0	0	0	0	0	0	2	0	0	1	0	0	0	0
c__Picocystophyceae	0	15	2	3	2	1	1	2	11	9	5	4	0	0	0	10	0	1	2	6	0	3	3	0	3	3	1	2	14	0	8	4	0	2	0	5	5	0	9	1	0	0	1	2	0	0	3	6	3	4	1	2	4	3	0	1	0	5	0	0	0	0
c__Chilopoda	6	7	0	35	184	83	3	19	2	10	8	2	5	4	4	4	9	0	13	14	2	2	1	0	9	27	8	47	0	7	3	9	8	5	13	82	227	2	119	7	17	2	10	1	3	0	9	6	0	9	38	0	13	5	5	5	0	6	0	1	0	6
c__Phaeophyceae	406	160	375	40	33	11	21	40	51	139	491	131	252	60	75	29	20	10	102	58	3	25	32	5	22	51	22	17	43	23	45	42	42	34	10	50	25	3	30	38	17	22	18	31	67	0	19	28	46	53	119	12	31	8	9	14	6	7	116	50	156	1063
c__Zygnemophyceae	0	0	0	0	0	0	0	0	0	0	0	0	0	0	4	0	0	0	1	1	0	0	0	0	1	0	0	0	0	0	0	0	2	0	0	0	0	0	6	4	0	0	0	0	0	0	0	0	0	2	0	0	0	0	0	0	0	0	0	0	0	1
c__Candidatus Eremiobacteriia	10	14	10	43	60	17	21	39	5	23	12	29	15	27	22	1	146	10	189	253	39	216	568	7	154	324	41	50	23	13	5	29	171	26	15	45	32	8	75	82	44	53	2	6	2	0	16	26	29	131	287	49	218	2	7	85	22	13	15	46	17	7
c__Nitriliruptoria	262	229	309	233	319	157	35	500	208	367	161	555	354	260	188	33	60	79	235	279	1780	6799	5016	1035	150	397	44	73	60	48	83	88	3977	87	252	211	184	247	493	2482	786	1785	50	51	68	13	218	343	102	1021	2308	2562	12656	89	93	4733	1282	116	114	1857	653	270
c__Deferribacteres	29	14	12	9	11	13	14	20	10	85	57	77	102	40	17	10	48	23	11	32	12	217	45	4	16	11	17	11	0	3	40	5	39	7	47	15	13	13	16	43	20	48	64	0	13	0	48	89	46	12	24	43	185	10	8	101	7	23	47	46	130	95
c__Monjiviricetes	0	0	3	6	1	0	0	0	0	0	1	0	0	0	1	0	2	0	0	0	0	1	0	0	1	3	0	2	0	0	0	0	0	0	0	0	3	0	3	0	0	0	0	0	0	0	1	0	0	0	6	0	0	0	0	0	0	0	0	0	0	0
c__Gemmatimonadetes	2105	7033	2973	2225	3440	812	240	5462	1152	1724	1791	1786	1177	6291	2239	1064	1543	569	3146	3674	998	5319	26968	248	2413	8069	627	1830	2330	951	446	1844	6450	2364	1895	3699	4055	833	8608	5864	3209	1249	276	627	222	18	555	741	1383	3740	4829	1149	3923	444	778	3755	1136	678	930	1795	2387	1351
c__Ichthyostraca	34	62	18	19	79	17	22	24	8	313	310	393	1074	125	76	9	723	38	51	47	38	405	57	7	39	31	49	24	10	14	100	9	298	12	309	46	43	14	44	197	50	40	795	29	34	3	221	578	316	68	221	89	266	7	1	148	70	1638	638	80	448	202
c__Verrucomicrobiae	1174	2367	1657	1449	1654	694	247	3527	662	1334	1683	1443	856	1177	1047	428	1043	1745	2406	3799	289	2730	2183	126	1297	2962	570	540	369	599	435	1069	1046	688	592	1869	1365	98	3097	1925	1006	520	417	359	336	10	493	590	1095	1065	1908	517	1723	473	662	954	377	707	1070	973	2843	2276
c__Candidatus Uabimicrobiia	10	21	15	10	15	12	3	17	11	51	23	39	38	23	24	2	3	0	51	35	9	66	48	0	26	25	16	5	1	7	0	13	24	5	28	20	8	1	38	23	21	9	23	3	0	0	21	67	16	9	23	29	72	3	7	37	14	3	19	24	10	18
c__Hydrozoa	81	40	148	62	91	40	7	34	45	37	32	19	63	23	12	32	245	79	37	27	0	8	16	1	56	38	34	99	29	8	39	24	4	23	37	61	93	3	73	20	31	0	40	15	7	0	21	24	4	15	24	0	8	7	6	1	0	39	22	1	12	39
c__Malgrandaviricetes	1	3	7	4	0	2	0	4	3	8	2	0	3	2	2	0	0	0	0	2	0	1	6	1	0	2	0	0	0	2	1	1	2	2	5	1	0	0	0	0	1	0	1	0	0	0	0	1	3	0	5	1	0	0	1	3	0	0	0	0	5	5
c__Chytridiomycetes	231	707	143	1635	905	266	1379	354	998	2165	358	2119	2090	1534	749	1213	210	90	757	628	29	203	194	49	1111	1076	810	315	960	344	2548	603	128	243	1491	521	299	10	501	474	424	37	1823	440	95	0	1972	3519	1273	183	248	43	98	35	23	254	27	415	181	111	181	216
c__Calcarea	0	0	0	0	0	0	0	0	0	0	0	0	0	0	0	0	0	0	0	1	0	0	0	0	0	0	0	0	0	0	0	0	0	0	0	0	0	0	0	0	0	0	0	0	0	0	0	0	0	0	0	0	0	0	0	0	0	0	0	0	0	0
c__Dehalococcoidia	182	375	232	326	452	604	53	745	147	413	284	852	561	728	565	70	108	127	477	387	712	5732	6388	244	284	681	123	427	49	107	92	123	3934	134	209	365	315	146	634	2543	783	1654	128	59	43	10	222	522	302	1175	2528	1448	4472	588	864	4943	1439	241	265	1776	492	307
c__Duplopiviricetes	0	2	0	0	0	0	0	0	0	0	0	0	0	0	0	1	0	0	2	1	0	0	0	0	5	0	1	0	0	2	0	2	0	0	0	0	6	0	1	0	0	0	4	0	0	0	0	0	0	0	0	0	0	0	0	0	0	0	0	0	0	0
c__Candidatus Izimaplasma	3	4	0	7	4	2	5	0	5	34	13	70	56	32	19	2	0	3	3	7	0	5	3	0	5	1	11	1	0	0	9	0	0	0	11	0	1	2	0	0	3	0	9	2	6	0	23	36	8	0	0	72	228	0	2	0	1	3	7	2	10	221
c__Tremellomycetes	2612	1032	475	2542	1482	470	1143	1932	5584	4986	1017	148	160	5960	4578	4769	630	1678	3001	3353	139	454	461	135	1872	1687	1828	689	6981	4423	19447	2748	84	953	1080	2351	1223	1	2642	602	998	66	824	639	1100	0	357	415	165	721	846	15	57	286	226	119	67	5538	812	35	106	260
c__Heterotrichea	87	38	4	25	17	83	1	25	26	2	23	5	2	5	5	9	8	93	51	33	5	2	18	1	23	87	12	39	11	1	22	10	12	1	42	89	24	0	68	17	25	0	7	5	0	0	8	6	6	10	17	4	18	0	47	2	1	60	51	5	7	32
c__Bolidophyceae	0	1	0	0	1	0	0	0	0	0	0	0	3	0	0	0	0	0	0	0	0	0	0	0	0	0	2	0	0	0	1	2	1	0	0	1	0	0	0	0	1	0	0	0	0	0	0	0	0	0	0	0	0	0	0	1	0	0	0	1	0	0
c__Chitinivibrionia	3	3	1	7	3	1	1	2	4	10	3	10	20	7	0	0	2	0	12	7	2	21	19	1	2	2	2	0	0	0	6	1	20	0	0	4	3	0	3	2	1	5	1	0	2	0	0	0	4	1	9	5	0	0	0	7	1	0	2	4	17	5
c__Pisoniviricetes	9	1	16	1	1	1	0	1	0	6	7	50	9	0	1	0	0	0	3	1	0	1	0	3	0	0	3	2	0	2	0	3	0	3	2	2	0	0	1	0	2	0	5	0	0	0	0	0	0	0	2	0	2	0	0	0	1	0	0	0	1	18
c__Variosea	45	250	32	398	354	169	32	735	208	117	525	10	25	39	22075	212	43	12	344	282	3	86	259	13	202	1118	78	199	188	48	158	115	51	88	29	1195	817	1	1460	119	158	11	90	49	20	0	36	97	6482	121	190	12	26	253	126	28	5	86	37	13	90	125
c__Candidatus Ozemobacteria	0	3	0	4	3	1	0	0	0	1	2	10	0	2	4	0	2	0	12	3	0	10	7	1	2	4	2	2	0	0	0	0	1	4	2	0	2	0	3	5	1	1	1	2	2	0	0	0	1	3	0	0	0	0	0	7	1	2	4	0	2	2
c__Spirotrichea	425	353	46	473	281	685	96	1315	903	160	159	133	29	483	866	150	112	400	2134	1377	27	282	162	19	545	3208	174	324	245	128	323	260	142	148	67	893	396	6	5484	232	421	20	213	124	62	0	113	113	53	407	456	35	111	48	5139	53	9	289	203	39	202	250
c__Ascidiacea	18	61	19	53	144	54	3	31	30	17	9	7	7	20	32	50	10	2	66	31	0	21	27	3	18	41	21	22	48	9	50	17	11	10	9	38	111	8	64	17	24	10	19	14	2	2	4	25	8	20	37	11	14	6	32	8	4	11	4	5	21	4
c__Enoplea	37	136	54	108	543	179	135	207	141	262	68	191	176	253	205	263	97	50	448	691	169	45	68	91	321	232	306	200	278	328	448	267	35	295	342	526	448	14	319	171	101	22	486	155	148	0	215	306	153	103	163	10	16	24	62	64	13	107	53	34	63	64
c__Kickxellomycetes	10	31	8	93	61	14	16	20	81	37	21	7	5	10	11	83	24	10	53	45	3	1	7	4	76	51	32	25	87	25	60	29	3	25	14	29	33	1	13	13	16	5	41	17	11	0	24	19	4	9	9	1	5	0	0	2	1	32	5	7	8	4
c__Fragilariophyceae	2	13	2	31	56	17	4	30	12	6	35	7	5	11	2	13	13	2	25	19	3	12	8	7	8	6	4	1	10	7	3	10	4	0	7	9	7	1	37	7	7	6	0	0	0	0	7	6	5	4	11	4	0	1	3	10	0	3	1	4	5	6
c__Florideophyceae	53	57	82	16	27	13	10	17	16	26	7	39	24	59	69	5	7	3	61	29	4	67	65	6	8	22	19	4	12	13	11	6	7	18	21	12	10	0	30	10	17	5	33	22	3	0	17	22	3	18	16	8	27	23	14	27	3	3	2	42	31	15
c__Compsopogonophyceae	0	15	1	3	8	1	0	4	1	3	2	0	0	0	5	4	0	1	9	6	5	16	10	2	2	4	1	0	0	2	4	0	1	4	2	1	7	0	3	4	2	0	3	2	2	0	2	4	1	0	8	0	18	0	0	4	0	1	0	8	9	3
c__Mesostigmatophyceae	0	0	0	0	0	0	0	0	0	0	0	0	0	0	0	0	0	0	0	0	0	0	0	0	0	0	0	0	0	0	0	0	0	0	0	0	0	0	1	0	0	0	0	0	0	0	0	0	0	0	0	0	0	0	0	0	0	0	0	0	0	0
c__Holothuroidea	3	16	5	40	74	43	4	14	17	7	11	5	2	3	7	9	1	19	42	25	2	6	5	4	34	30	4	121	21	12	8	10	8	8	13	55	62	1	48	17	9	4	23	6	26	2	12	5	0	11	16	4	13	0	3	3	0	21	5	5	2	4
c__Bivalvia	21	187	17	263	475	188	20	137	79	64	28	23	27	95	47	115	47	31	304	210	17	75	93	8	148	169	68	147	66	69	68	74	46	57	118	363	550	17	321	107	98	59	108	52	48	0	62	60	39	66	165	10	69	32	23	44	22	42	33	50	28	38
c__Spiculogloeomycetes	0	0	0	0	0	0	0	0	0	0	0	0	0	0	0	0	0	0	0	0	0	0	0	0	0	0	0	0	0	0	0	0	0	0	0	0	0	0	0	0	0	0	0	0	0	0	0	0	0	0	0	0	0	0	0	0	0	1	0	0	0	0
c__Repensiviricetes	0	0	2	0	4	0	0	0	0	0	0	0	6	0	0	0	0	0	0	0	0	0	0	0	0	0	0	0	0	0	0	1	0	2	3	3	1	0	2	0	0	0	0	0	0	0	0	0	0	0	0	0	0	0	0	0	0	0	0	0	0	0
c__Pelagophyceae	19	63	11	46	46	16	4	40	59	24	37	56	14	20	27	57	67	44	100	57	37	49	39	11	72	57	58	15	59	23	47	39	74	53	33	34	35	1	38	62	30	36	75	17	11	4	30	15	23	15	15	6	17	11	9	70	23	53	42	29	46	47
c__Malacostraca	39	485	45	185	653	209	93	184	134	307	373	181	128	162	106	128	88	264	445	219	29	57	67	41	201	223	147	422	124	198	149	170	53	108	165	353	981	23	618	114	128	27	100	86	101	0	118	257	353	86	274	35	77	22	25	43	48	116	156	34	374	686
c__Mollicutes	234	196	42	28	94	49	409	48	59	734	225	699	955	1759	2302	56	33	24	201	160	102	316	117	23	130	106	187	9	72	25	504	22	101	49	259	1438	45	6	179	114	84	75	419	50	307	2	316	819	457	168	433	95	373	52	33	122	47	49	186	97	217	3971
c__Magnoliopsida	47556	36171	55170	58446	111061	9351	7805	99513	26257	49851	224776	113437	27492	38302	29517	22190	49981	76800	39487	77658	2139	6136	6694	1210	45959	97743	42103	26817	95087	72372	42034	78671	4644	59539	262638	135776	68562	254	113297	42665	56249	1729	42781	39490	40539	81	21302	31246	131937	28887	36216	1392	4486	4172	24526	3134	1866	313082	353126	2073	214069	450366
c__Gnetopsida	0	0	0	0	0	0	0	0	0	0	0	0	0	0	0	0	0	0	2	0	0	0	0	0	1	0	0	0	0	0	0	0	0	0	0	0	0	0	0	0	0	0	0	0	0	0	0	0	0	0	0	0	0	0	0	0	0	0	0	0	0	0
c__Longimicrobia	59	301	127	98	170	22	32	276	38	86	60	56	35	1211	92	35	52	82	101	103	33	670	640	3	46	167	13	66	38	34	15	65	439	86	67	126	120	163	303	384	161	21	5	14	11	1	14	38	11	96	72	55	294	19	29	452	206	49	41	73	101	51
c__Methylacidiphilae	17	14	19	7	23	17	23	22	12	127	43	138	155	99	64	7	29	7	49	50	15	206	106	4	23	46	49	3	7	18	31	10	134	11	115	20	23	8	48	102	48	14	252	10	5	0	132	182	67	33	52	66	216	6	3	144	41	12	11	62	29	46
c__Thermodesulfovibrionia	0	0	6	7	0	0	0	10	5	27	24	18	6	13	2	0	2	3	10	2	13	113	28	0	8	4	19	0	0	1	1	0	26	1	73	3	0	0	8	96	6	3	50	1	1	0	67	85	4	4	2	25	70	1	2	12	15	0	1	6	1	24
c__Acidimicrobiia	1314	1202	1329	1519	2734	890	223	3465	1578	907	1046	1602	1233	1236	722	253	357	555	2510	3761	3957	14609	23174	2895	943	2780	436	682	280	556	513	564	7278	394	899	1749	1436	2695	3139	3883	1589	2992	191	193	231	36	713	880	638	4386	9602	3871	14368	475	739	7388	1824	575	705	2839	1207	1196
c__Marchantiopsida	18	13	11	25	45	7	1	50	22	23	32	20	63	8	3	35	7	5	35	22	2	6	21	1	32	53	6	32	33	24	37	19	16	17	14	58	18	0	48	30	47	13	14	13	17	0	6	11	3	9	18	0	4	2	4	12	5	3	42	13	23	241
c__Methanococci	3	1	0	33	74	660	6	17	0	44	4	23	39	39	27	2	9	4	9	8	8	91	26	129	120	10	17	285	4	4	5	3	139	6	13	134	75	2	11	169	59	578	24	9	0	3	8	57	45	14	34	35	127	738	1051	148	81	9	0	511	22	15
c__Dictyoglomia	21	10	6	0	15	6	17	7	2	25	10	31	11	124	234	2	1	3	12	6	3	31	25	0	1	8	5	0	0	0	27	3	13	4	20	4	5	4	6	9	5	6	5	8	0	0	12	29	22	2	3	3	6	1	11	78	2	0	14	5	19	14
c__Polypodiopsida	2	26	4	74	508	33	6	57	3	17	18	32	9	10	6	15	25	6	30	37	5	15	15	1	45	45	20	55	37	20	20	48	8	32	19	115	24	0	73	38	128	3	27	11	6	0	12	18	0	10	11	2	10	15	9	7	1	12	4	7	10	4
c__Naldaviricetes	0	26	0	0	5	9	0	2	2	13	2	0	2	23	8	36	7	0	20	0	0	2	0	0	4	17	4	0	0	2	4	11	0	2	2	11	2	0	10	3	3	1	3	5	0	0	0	1	0	85	7	0	4	0	1	0	0	112	25	1	0	8
c__Fibrobacteria	20	54	33	45	65	14	9	79	15	102	213	45	102	189	71	6	11	20	59	49	6	156	101	5	24	43	27	17	9	10	18	28	106	30	11	55	36	5	75	42	37	11	17	22	13	0	28	89	47	59	136	29	85	11	12	79	26	33	48	40	143	116
c__Microbotryomycetes	559	2272	459	1045	518	136	626	277	3022	1797	400	47	54	7382	2183	9874	4257	5243	2285	1817	124	54	47	30	990	734	796	299	4805	1020	20428	1126	21	593	388	368	214	0	419	210	245	4	400	429	588	1	225	208	100	130	223	9	22	69	63	14	7	6566	191	12	25	68
c__Asteroidea	18	37	3	16	43	13	1	11	8	4	9	4	5	5	6	16	4	5	30	30	4	22	14	6	19	19	5	7	5	5	14	18	12	11	6	57	57	4	45	4	8	0	20	8	0	0	4	7	4	8	19	0	1	11	13	4	5	1	3	5	3	6
c__Pyramimonadophyceae	7	13	5	21	11	5	2	9	9	1	9	3	5	4	4	10	4	10	17	12	7	7	23	2	5	5	3	3	3	7	9	10	0	1	0	10	8	0	10	1	9	15	1	4	5	0	1	6	2	12	6	3	2	0	1	2	4	3	6	4	11	29
c__Euglenida	14	86	17	39	44	20	8	47	33	86	50	13	10	32	26	47	23	8	144	70	6	27	41	0	61	80	14	23	51	13	18	31	28	16	30	30	28	2	39	32	24	5	35	16	2	0	14	23	22	16	16	15	23	7	6	74	15	22	26	14	24	55
c__Megaviricetes	75	510	126	6123	69	34	7	322	97	38	32	51	33	52	52	13	88	38	367	228	6	19	12	3	155	642	256	1192	203	31	72	13	3	38	19	87	46	0	95	66	30	4	6712	108	11	0	40	31	20	26	12	1	6	13	12	4	5	26	24	3	16	20
c__Alsuviricetes	0	0	0	0	0	1	0	1	1	0	0	0	0	0	0	0	0	0	0	0	0	0	0	0	2	0	0	0	0	0	2	1	0	0	0	0	0	0	0	0	0	0	0	0	0	0	0	0	0	0	1	0	0	0	0	0	0	0	0	0	0	1
c__Olisthodiscophyceae	0	0	0	2	0	0	0	0	0	0	0	0	0	0	0	0	0	0	0	0	0	0	0	0	0	0	0	0	0	0	0	0	0	0	0	0	0	0	0	1	0	0	0	0	0	0	0	0	0	0	0	0	0	0	0	0	0	0	0	1	0	0
c__Saprospiria	101	218	170	99	172	115	381	307	46	2305	3237	272	263	364	206	26	48	206	124	159	49	524	337	27	55	253	64	63	26	41	99	78	295	60	118	170	137	20	299	923	144	190	48	27	219	2	86	218	152	135	310	113	331	40	53	407	128	121	812	436	1639	2539
c__Saccharomycetes	285	1077	325	11768	5731	1733	458	1502	1874	1417	352	181	129	798	782	2799	1193	172	2426	2190	545	212	156	362	5870	5857	2382	2101	2393	1004	2289	2026	93	1514	490	2093	1494	13	1298	1747	2428	105	4470	2035	1990	5	1870	2495	237	1372	1710	47	139	127	122	63	162	970	144	78	153	228
c__Cystobasidiomycetes	0	0	0	0	0	0	0	2	0	0	0	0	0	2	0	0	0	2	0	0	0	0	0	0	0	0	0	0	0	0	0	0	0	0	0	0	0	0	0	0	2	0	0	0	0	0	0	0	0	0	0	0	0	0	0	0	0	0	0	0	0	0
c__Candidatus Marinamargulisbacteria	2	2	0	5	8	30	10	5	0	6	8	20	7	20	62	0	0	10	7	5	1	20	34	1	4	10	8	2	0	2	21	3	7	0	9	10	3	1	8	12	3	2	15	3	0	0	2	16	10	2	4	20	23	3	17	0	6	3	2	6	9	16
c__Lecanoromycetes	145	1174	285	9485	7915	820	275	5558	1731	918	199	119	62	1424	1218	2726	2283	71	2854	3426	31	36	283	87	4716	4998	4317	2132	3889	2364	4845	5704	45	3899	1263	4994	2321	0	3934	2421	3858	33	8323	4022	316	4	2592	551	230	5845	7376	3	12	307	180	18	88	917	157	12	132	47
c__Bacillariophyceae	300	164	296	250	329	136	9	275	65	50	33	85	67	46	35	32	92	46	180	86	38	55	35	8	108	137	161	50	62	28	48	53	70	61	47	202	108	4	191	58	205	38	72	57	22	2	53	97	113	72	67	38	119	63	75	50	21	31	40	46	85	111
c__Mixiomycetes	116	344	42	266	111	29	98	86	833	422	93	50	16	217	312	1018	142	101	360	424	2	3	21	9	228	166	65	69	885	306	779	281	7	218	65	86	72	0	100	56	61	2	61	120	10	0	55	55	46	38	43	2	1	8	6	4	1	268	25	0	4	16
c__Acidobacteriia	10146	11515	4274	12159	14433	3644	1288	19605	12510	5492	4527	4721	1823	10677	18584	5359	25851	7390	39659	52171	1600	6007	13419	382	13235	55004	5171	8455	9016	6766	6088	19426	3869	7994	9891	32613	20654	139	48987	16159	11586	1501	1256	1457	573	18	3417	2905	4294	21160	10202	1139	3516	908	2487	3109	1060	4732	2858	1743	2740	2740
c__Caudofoveata	0	0	0	0	0	0	0	0	0	0	0	0	0	0	0	0	0	0	0	0	0	0	0	0	0	0	0	0	0	0	0	0	0	0	0	0	0	0	2	0	0	0	0	0	0	0	0	0	0	0	0	0	0	0	0	0	0	0	0	0	0	0
c__Ellioviricetes	0	2	0	0	0	0	0	0	0	1	0	2	0	0	0	0	1	0	0	0	0	0	2	0	0	0	0	0	0	0	0	0	0	0	0	2	1	0	0	0	0	0	0	0	0	0	0	1	0	0	3	0	0	0	0	0	0	0	0	0	0	0
c__Coniocybomycetes	0	0	0	0	0	0	0	0	0	0	0	0	0	0	0	0	0	0	0	0	0	0	0	0	0	0	0	0	0	0	0	0	0	0	0	0	0	0	0	0	0	0	0	0	0	0	0	0	0	1	0	0	0	0	0	0	0	0	0	0	0	0
c__Fimbriimonadia	13	46	11	47	64	20	3	73	26	26	12	50	37	23	11	11	18	19	53	41	16	121	64	3	33	99	10	31	0	15	6	48	119	16	16	63	36	10	104	110	62	6	4	4	9	0	31	26	14	61	68	15	47	1	6	64	29	8	29	50	60	127
c__Coprothermobacteria	0	4	4	4	1	2	0	8	0	2	6	16	15	7	3	1	0	0	6	2	1	16	12	0	6	2	8	2	1	0	157	1	14	2	0	3	2	0	4	11	8	13	1	0	1	0	4	7	5	4	5	2	12	0	1	21	4	1	4	10	17	17
c__Mouviricetes	0	0	0	0	0	0	0	0	0	0	0	0	0	0	0	0	0	0	0	0	0	0	2	0	0	0	0	0	0	0	0	0	0	0	0	0	1	0	0	0	0	0	0	0	0	0	0	0	0	0	0	0	0	0	0	0	0	0	0	0	0	0
c__Elardia	6	81	17	59	54	35	2	68	26	11	22	6	2	20	40	14	8	7	117	73	2	12	40	0	35	87	14	25	16	61	7	13	13	8	11	54	40	1	126	14	31	8	22	4	9	0	7	11	8	13	34	3	7	13	12	9	0	21	3	4	7	17
c__Vicinamibacteria	110	307	220	186	280	91	10	814	126	101	200	84	41	198	158	48	175	30	411	528	88	405	206	21	169	461	69	87	69	71	47	179	157	168	99	460	367	34	766	326	158	76	23	27	23	0	43	96	49	256	337	75	235	20	43	111	46	105	122	81	192	239
c__Ardenticatenia	117	45	104	49	86	25	17	108	25	74	46	71	96	101	179	9	23	22	105	121	103	1155	592	17	45	141	21	32	18	20	8	41	554	27	43	172	100	51	172	383	144	131	16	10	9	2	33	73	9	278	565	199	677	11	13	627	146	19	43	360	144	88
c__Aquificae	44	59	55	25	53	32	37	22	8	152	161	169	160	95	75	8	14	9	36	51	24	177	139	10	18	44	30	12	6	13	58	8	327	21	54	31	23	5	45	216	86	238	6	8	18	0	49	105	104	126	215	31	115	9	10	262	193	33	51	84	69	133
c__Herviviricetes	0	0	0	0	4	1	0	3	3	0	0	0	1	1	0	1	0	1	0	0	0	0	1	1	0	10	0	9	8	0	1	2	0	0	0	0	5	0	0	7	1	0	0	2	0	0	1	2	0	0	1	0	3	1	0	1	0	1	0	0	1	1
c__Tentaculata	0	0	0	0	0	0	0	0	0	0	0	0	0	0	0	0	0	0	0	0	0	0	0	0	0	0	0	0	0	0	0	0	0	0	0	1	0	0	0	0	0	0	0	0	0	0	0	0	0	1	0	0	0	0	0	0	0	0	0	0	0	0
c__Thermoplasmata	163	129	103	154	166	741	71	141	27	348	408	278	219	508	632	17	48	95	145	133	213	1010	653	240	220	152	78	451	20	30	135	42	639	60	142	214	154	32	172	613	217	957	232	16	29	9	134	258	63	348	768	203	627	1254	1267	748	278	62	170	891	371	221
c__Ascetosporea	0	0	0	0	2	1	0	0	0	1	0	0	0	0	0	0	0	0	1	0	0	2	1	0	0	0	0	0	0	0	0	0	0	0	0	0	0	0	1	0	1	0	0	0	1	0	0	0	0	4	12	0	0	0	0	0	0	0	0	0	11	0
c__Epsilonproteobacteria	318	287	504	462	426	208	282	489	253	936	1003	936	666	1013	972	96	202	457	228	494	175	590	321	59	287	348	249	122	80	527	335	152	238	184	545	212	143	21	263	255	217	107	689	101	229	2	350	799	704	303	548	159	488	78	83	379	68	422	630	210	949	1093
c__Agaricomycetes	3096	6401	1796	15027	8678	3134	3238	22398	23583	10661	2869	1024	677	3464	3896	27077	3565	1380	11490	13539	623	1081	775	399	10428	20439	3388	8003	26100	11688	17887	10420	1300	7827	3292	6507	8436	39	16786	4028	6773	663	7466	4853	975	6	3428	2194	1074	4464	6595	298	881	4258	2741	818	396	6585	647	401	543	881
c__Klebsormidiophyceae	5	64	7	125	110	82	16	51	15	26	11	21	25	6	12	19	24	4	147	39	6	58	44	27	108	152	34	15	68	19	29	35	43	6	8	53	35	5	50	70	29	19	58	40	14	0	22	28	20	28	18	5	17	4	38	21	10	13	5	42	11	5
c__Cryptophyceae	102	240	82	139	138	52	29	171	63	81	293	191	89	66	57	37	182	199	238	104	46	78	79	15	89	175	59	44	41	145	59	57	197	67	344	99	81	0	138	170	84	29	68	71	103	1	42	67	225	43	48	20	59	30	21	96	44	385	432	58	554	1089
c__Thermoflexia	0	5	4	7	16	7	3	14	3	16	4	18	17	10	6	0	6	0	33	21	17	374	128	2	8	34	14	4	1	2	3	4	81	5	15	6	9	5	48	56	9	117	7	0	0	0	17	35	29	154	482	68	192	3	7	163	13	23	7	50	20	6
c__Candidatus Methanofastidiosa	1	8	1	6	1	1	5	2	2	32	14	13	14	17	54	0	1	0	0	6	11	70	14	1	1	7	11	5	0	0	11	2	7	2	7	7	1	0	5	14	3	18	5	1	2	0	1	11	5	2	4	1	11	3	5	10	5	3	6	33	16	14
c__Vidaverviricetes	0	0	0	0	0	0	0	0	0	0	0	0	0	0	0	0	0	0	0	0	0	0	0	0	0	0	0	0	0	0	0	0	0	0	0	0	0	0	2	0	0	0	0	0	0	0	0	0	0	0	0	0	0	0	0	0	0	0	0	0	0	0
c__Coriobacteriia	149	179	158	173	810	228	187	326	313	734	393	358	412	853	763	47	71	100	276	8626	364	1817	1185	111	207	229	228	94	42	59	221	50	844	70	498	262	159	49	328	726	259	382	334	41	106	0	312	576	406	354	876	279	915	163	255	890	228	93	289	447	442	377
c__Candidatus Riflemargulisbacteria	2	0	2	1	3	0	0	5	0	31	4	7	4	13	0	0	0	0	3	0	0	3	7	0	0	8	3	1	0	3	2	2	30	0	9	1	2	0	0	26	19	2	31	0	2	0	14	31	8	2	4	0	5	0	0	13	7	1	2	6	12	3
c__Gastropoda	22	94	30	121	387	172	18	65	47	98	105	62	28	69	41	110	49	44	161	195	41	64	61	25	98	114	71	155	84	67	87	73	97	82	63	280	460	11	202	81	149	25	158	49	38	0	52	67	52	44	127	22	64	36	37	81	30	49	24	30	53	70
c__Harpellomycetes	65	125	35	462	211	87	61	57	461	206	73	43	40	79	64	714	114	24	321	242	5	16	7	16	300	258	156	113	557	99	475	278	10	167	58	143	118	3	74	96	66	14	224	92	31	0	133	134	20	76	81	8	22	61	51	21	9	149	31	18	8	55
c__Candidatus Babeliae	6	19	10	0	8	2	0	9	5	2	1	13	0	2	5	0	6	0	11	15	5	31	7	0	4	14	2	2	0	4	0	1	4	0	3	4	2	0	7	2	1	1	2	2	0	0	0	1	46	2	0	3	3	0	1	1	0	1	2	3	2	0
c__Ustilaginomycetes	77904	297676	9076	5823	1793	327	16194	1731	65681	35934	23655	2941	4412	89399	82900	177675	53519	81777	612816	525766	37	60	144	34	19289	1622	733	1818	201952	446048	39993	21725	106	286198	174619	1803	1573	2	1910	5628	1232	31	16602	87233	204	2	37746	11606	19221	508	354	28	95	152	131	65	45	17224	657	30	158	924
c__Quintoviricetes	0	0	0	0	2	0	0	2	6	142	2	1	0	0	0	0	2	0	2	11	0	0	0	0	3	8	0	2	1	0	0	0	0	0	0	2	1	0	2	8	0	0	16	0	0	0	0	0	0	8	7	0	0	0	0	0	0	2	0	0	0	0
c__Oligosphaeria	1	1	2	6	3	2	0	0	0	0	11	0	0	0	1	0	1	0	3	0	1	5	2	0	0	1	0	0	0	0	0	0	2	0	0	4	3	2	3	2	2	0	1	0	0	0	2	0	1	4	0	1	4	0	0	0	0	0	3	7	0	3
c__Deinococci	905	2404	1428	852	2350	723	259	2237	1151	1698	1200	3935	2469	1643	1297	1351	530	581	1275	1586	12505	265318	7243	302	524	3683	499	444	490	636	493	373	13494	735	16606	1011	1043	6204	1810	9007	2665	4575	160	369	668	55	809	2080	1603	3778	7866	25339	79964	363	443	18055	4240	784	1026	5197	2038	1803
c__Polyplacophora	0	0	0	0	0	5	0	0	0	0	0	0	0	0	0	0	0	0	0	0	0	0	0	0	0	0	0	0	0	0	0	0	0	0	0	0	1	0	0	0	0	2	0	0	0	0	0	0	0	0	0	0	0	0	0	0	0	0	0	0	0	0
c__Bartheletiomycetes	12	10	4	14	1	0	12	0	77	41	4	0	0	9	13	145	6	4	24	35	0	0	0	0	23	5	4	2	102	21	68	30	0	7	6	0	2	0	0	3	0	0	7	4	1	0	2	0	1	0	0	0	0	0	0	0	1	27	0	0	0	0
c__Entomophthoromycetes	9	9	11	156	123	16	7	22	85	24	10	3	2	10	3	79	3	3	27	21	1	4	1	13	85	94	20	32	70	7	47	30	4	7	4	11	42	0	25	28	24	0	53	15	6	0	20	49	13	6	24	0	0	5	2	1	1	31	6	0	0	3
c__Dacrymycetes	274	49	241	215	115	24	51	104	223	97	25	64	9	41	43	242	38	8	72	118	1	19	10	19	106	190	41	72	214	42	199	106	11	41	24	75	37	4	54	35	71	6	65	32	9	0	32	41	8	63	71	1	7	22	24	24	6	66	11	4	3	11
c__Pezizomycetes	118	495	136	3012	1798	397	327	1064	438	588	247	57	158	494	623	988	524	107	1051	990	42	114	33	62	1819	1860	1219	1043	1083	516	1156	1340	44	1042	269	1056	640	2	942	655	790	12	2353	1137	199	0	811	540	94	867	1076	5	10	87	44	14	31	310	270	7	542	505
c__Sagittoidea	0	0	0	0	0	0	0	0	0	0	0	0	0	0	0	0	0	0	0	0	0	0	0	0	0	0	0	0	0	0	0	0	0	0	0	1	0	0	0	0	0	0	0	0	0	0	0	0	0	0	0	0	0	0	0	0	0	0	0	0	0	0
c__Ostracoda	580	326	840	125	497	254	109	213	175	1031	1874	586	362	228	117	86	69	1948	141	247	28	237	117	8	89	196	32	112	72	636	71	78	69	311	545	284	499	16	407	136	58	17	62	47	190	0	45	146	489	109	333	67	115	31	51	64	19	834	1181	42	1333	2564
c__Aconoidasida	44	235	97	303	1972	588	69	2005	326	68	79	185	30	83	137	273	250	163	2933	3190	2089	42	303	491	602	1500	231	277	273	162	99	98	33	788	84	911	697	4	589	833	439	64	160	205	1407	1	66	160	174	115	147	28	50	31	128	155	48	169	212	50	133	68
c__Methanopyri	1	8	5	0	4	22	0	2	0	0	0	0	1	0	2	0	1	0	0	2	4	22	8	2	6	2	0	4	2	2	0	0	7	0	0	8	5	0	1	13	5	41	0	0	0	0	0	1	0	5	14	3	5	8	14	11	5	2	0	35	3	2
c__Candidatus Methanoliparia	2	2	0	3	5	10	0	4	0	1	0	1	3	0	1	0	0	0	0	5	10	25	6	4	7	2	5	2	0	0	1	1	35	0	0	2	3	0	1	8	7	7	5	0	0	0	1	2	3	43	78	0	6	24	15	8	3	0	2	13	2	0
c__Chloropicophyceae	41	55	9	20	26	8	10	12	24	39	7	23	14	165	260	25	18	7	89	33	3	24	66	3	24	20	15	6	30	9	42	18	9	26	11	19	25	2	56	41	18	21	10	14	0	0	10	17	8	41	35	16	88	5	3	12	10	7	3	32	9	13
c__Candidatus Cryosericia	5	0	5	8	5	2	0	6	6	10	17	64	11	8	8	2	2	5	9	17	9	52	57	4	5	24	4	3	2	2	2	4	40	1	2	11	4	7	17	28	11	35	11	0	4	0	20	24	48	20	21	13	44	3	4	25	21	10	14	40	8	37
c__Pterobranchia	0	0	0	0	0	0	0	0	0	0	0	0	0	0	0	0	0	0	0	0	0	0	0	0	0	1	0	0	0	0	0	0	1	0	0	0	1	0	0	0	0	0	0	0	0	0	0	0	0	0	0	0	0	0	0	0	0	0	0	0	0	0
c__Lycopodiopsida	5	8	7	4	19	10	5	25	5	6	9	2	5	6	1	20	5	6	25	26	3	1	27	0	22	26	9	28	13	8	11	19	2	10	0	48	8	0	30	20	39	1	10	4	3	0	3	7	1	17	17	0	5	0	0	5	1	6	21	13	9	9
c__Clostridia	8940	5744	3732	3359	6890	5263	8878	3850	3051	29488	8819	31187	29504	59126	58121	1338	3127	4689	5868	11225	3003	22158	10983	1993	5375	5196	15486	2103	1035	3780	17558	1068	13429	2818	24428	4759	4284	532	4912	10288	4666	7442	26127	2694	5461	63	23110	53544	29022	6770	15938	4396	14917	3082	3730	14165	4436	4691	155022	8928	90252	15323
c__Echinoidea	5	15	0	7	40	24	7	11	32	17	3	28	16	3	5	55	4	4	24	26	1	24	16	5	14	10	6	26	40	9	16	21	43	9	9	26	51	0	32	28	28	5	15	12	9	0	7	12	7	3	6	10	22	1	6	9	4	13	2	4	1	6
c__Crinoidea	1	14	2	36	73	8	4	35	8	11	4	2	7	5	5	9	2	4	16	17	2	3	15	1	9	26	4	16	13	10	6	12	1	5	5	30	52	2	17	5	8	20	11	2	6	0	5	2	3	0	6	0	1	3	0	2	1	4	3	4	5	1
c__Nebulidea	0	0	0	0	0	0	0	0	0	0	0	0	0	0	0	0	0	0	0	0	0	1	0	0	0	0	0	0	0	0	0	0	1	0	0	0	0	0	0	2	0	1	0	0	0	0	0	0	0	0	0	0	0	0	0	0	0	0	0	0	0	0
c__Pneumocystidomycetes	14	42	11	5834	2374	828	91	93	148	192	58	4	7	62	125	238	128	6	260	139	21	0	1	152	2283	2148	432	709	175	78	140	101	4	50	20	370	181	2	193	401	382	6	1152	469	405	0	614	1356	58	33	43	20	21	6	3	0	25	191	12	0	19	11
c__Alphaproteobacteria	1484038	1300838	1758629	90914	136575	40875	88731	224669	462740	344559	892555	1195640	630993	331274	154448	37120	90704	546040	208241	190733	19090	72991	378971	7563	70081	217596	44304	35186	50623	176863	31856	79811	47645	102076	187725	140369	143819	10156	255308	91706	73551	16030	31441	344012	163363	159	32696	37691	268817	67133	62799	21327	54809	10367	20177	35500	15095	92842	783838	19265	1408942	1678934
c__Symphyla	0	0	0	0	0	0	0	0	0	0	0	0	0	0	0	0	0	0	0	0	0	0	0	0	0	2	0	0	0	0	0	0	0	0	0	0	0	1	0	0	0	0	0	0	0	0	0	0	0	0	0	0	1	0	0	0	0	0	0	0	0	0
c__Jungermanniopsida	0	0	0	0	1	0	0	0	0	0	0	0	0	0	0	0	0	0	0	0	0	0	0	0	0	0	0	0	0	0	0	0	0	0	0	0	0	0	1	0	0	0	0	0	0	0	0	0	0	0	0	0	0	0	0	0	0	0	0	0	0	0
c__Chlorophyceae	102	429	139	299	437	243	60	260	214	155	205	371	186	164	148	183	106	103	445	359	96	564	265	17	167	337	133	90	133	101	129	174	346	143	86	221	162	12	326	306	190	103	195	115	57	0	122	181	223	342	562	82	264	45	64	267	150	118	125	173	245	288
c__Eutardigrada	7	29	6	14	100	39	5	31	13	21	9	2	3	5	34	53	13	16	59	38	3	37	10	4	24	22	20	8	31	20	39	16	5	29	14	120	108	4	46	15	14	7	20	13	1	0	12	6	1	16	34	6	15	7	4	17	5	12	22	13	5	29
c__Wallemiomycetes	214	411	98	455	169	58	243	244	1763	819	161	27	25	127	165	2115	146	114	735	762	9	3	12	20	467	155	28	64	1821	468	1226	612	3	359	182	61	33	0	49	62	79	4	165	187	35	0	75	72	35	64	67	3	8	1	12	2	4	412	29	8	11	45
c__Neolectomycetes	20	39	18	3055	1273	417	75	102	185	150	56	7	11	32	70	291	67	3	180	91	14	6	2	74	1243	1123	215	359	194	59	137	121	8	67	25	269	96	0	141	225	235	5	602	242	199	0	309	579	25	63	57	2	1	2	1	0	6	105	9	1	7	53
c__Pinguiophyceae	6	46	4	10	13	8	0	23	7	10	14	16	8	5	4	13	12	0	49	24	1	49	22	1	13	15	11	6	11	5	14	9	53	27	12	12	23	1	13	32	21	30	14	6	2	1	18	20	10	12	11	6	14	1	1	25	19	5	3	66	14	5
c__Synurophyceae	0	0	0	2	0	0	0	0	0	1	0	0	2	1	0	0	0	0	0	0	0	3	0	0	0	0	0	0	0	0	0	0	4	0	0	0	0	0	0	4	0	3	0	0	0	0	0	0	0	2	0	0	3	0	0	5	5	0	0	3	0	4
c__Scyphozoa	0	0	0	0	0	0	0	0	0	0	0	0	0	0	0	0	0	0	0	0	0	0	0	0	0	0	0	0	0	0	0	0	0	0	0	0	0	0	0	2	0	0	0	0	0	0	0	0	0	0	0	0	0	0	0	0	0	0	0	0	0	0
c__Chrysophyceae	2	40	0	18	25	13	0	22	5	8	7	4	9	2	3	5	11	4	56	31	1	8	25	1	8	45	12	12	14	7	6	3	2	5	25	20	39	2	31	16	14	1	9	1	9	0	8	18	16	10	7	0	6	2	6	3	2	15	1	1	40	87
c__Huolimaviricetes	0	0	0	0	0	2	0	0	0	0	0	0	0	0	0	0	0	4	0	0	0	0	0	0	1	0	0	0	0	0	0	0	1	0	0	1	0	0	0	0	0	0	0	0	0	0	0	0	0	0	0	0	0	0	0	0	0	0	0	0	0	0
c__Archaeoglobi	6	11	10	20	68	402	6	19	26	188	12	198	138	67	38	30	12	1	22	25	9	82	52	58	69	13	33	227	18	2	16	9	403	5	13	76	46	5	8	181	95	279	43	7	1	3	15	75	18	43	17	23	64	452	637	192	118	10	23	128	19	32
c__Betaproteobacteria	224150	54866	134090	13369	19619	11048	24453	28191	84939	95515	571429	131240	33618	222703	54837	4060	42892	2242830	17347	26384	6682	26278	31211	2369	9887	37746	8842	5228	47238	1643113	18386	10676	17569	684827	1171881	17633	15462	946	32465	16469	10971	5918	4157	6800	139261	66	5731	21373	123834	10260	14170	4861	16250	2001	47937	13316	5120	1747571	1239124	6407	869411	1738936
c__Anthocerotopsida	0	0	0	0	0	0	0	0	0	0	0	0	0	0	0	0	0	0	4	0	0	0	0	0	0	0	0	0	0	0	0	0	1	0	0	0	0	0	0	0	0	0	0	0	0	0	0	0	0	0	0	0	0	0	0	0	0	0	0	0	0	0
c__Endogonomycetes	112	307	69	1087	479	152	147	127	892	456	101	96	117	162	195	993	119	60	435	461	62	91	108	37	665	520	303	211	881	282	708	473	210	260	152	228	131	2	163	246	215	23	498	247	55	1	211	244	64	382	324	8	37	24	16	74	39	301	52	42	35	63
c__Merostomata	2	7	0	16	360	140	1	13	4	6	1	0	3	5	1	16	0	0	19	14	0	1	3	5	20	11	5	108	12	1	8	14	0	6	2	84	225	12	43	4	20	4	7	2	2	0	12	12	14	6	26	2	4	5	5	1	0	7	13	1	5	5
c__Spartobacteria	188	478	337	304	359	146	38	779	133	426	612	592	143	252	308	126	563	233	526	684	200	1697	878	39	267	938	80	118	166	175	60	243	651	139	142	591	544	54	1043	1067	340	329	39	55	56	0	114	152	612	420	721	236	795	70	140	1095	199	240	343	418	810	392
c__Nitrososphaeria	75	207	80	370	362	208	18	1964	45	165	109	169	114	181	109	57	128	19	193	291	128	1083	741	44	129	505	91	169	42	27	84	67	1815	85	119	455	253	31	711	725	208	270	92	23	34	12	113	187	50	208	247	183	640	201	232	797	326	104	103	321	184	105
c__Maveriviricetes	0	0	1	0	0	0	0	0	0	0	0	2	0	1	0	0	0	0	0	0	0	0	6	0	0	0	0	0	0	0	0	0	0	0	0	0	0	0	4	3	0	0	2	0	0	0	0	1	0	0	0	0	0	0	0	1	1	0	0	0	0	0
c__Trebouxiophyceae	108	303	99	265	463	223	41	209	235	164	236	357	161	216	234	159	379	168	378	560	100	883	261	36	210	262	88	124	155	125	161	161	372	104	71	160	140	19	246	361	183	142	113	76	50	3	98	153	333	390	712	102	367	104	84	342	144	81	102	244	191	197
c__Rhodothermia	206	705	356	124	122	124	14	300	99	1794	538	167	112	370	78	31	51	26	79	108	79	932	207	13	38	132	24	43	43	20	41	60	224	42	34	139	49	12	139	11864	438	522	41	14	616	3	24	53	23	168	303	108	282	88	76	584	494	642	1410	3945	12048	2957
c__Bangiophyceae	29	109	36	87	75	35	15	77	63	67	58	66	19	43	36	104	24	14	119	81	28	317	93	10	75	101	52	55	71	45	63	54	96	46	24	98	68	5	98	146	106	84	61	16	16	0	38	38	69	83	189	15	65	23	20	81	44	41	28	117	77	74
c__Pokkesviricetes	4	4	0	4	0	2	0	0	0	4	0	0	4	2	0	0	0	2	0	5	0	0	0	0	3	1	0	0	2	0	0	0	0	3	0	3	6	0	3	149	0	0	1	1	0	0	0	0	1	0	0	0	0	0	0	0	0	2	0	0	0	0
c__Basidiobolomycetes	34	48	21	179	96	21	10	20	278	143	27	2	1	31	30	77	26	6	79	193	12	8	7	11	116	90	28	34	200	40	103	98	6	22	13	37	13	0	30	26	27	18	61	38	12	0	24	61	4	16	33	2	0	3	2	47	2	37	7	4	2	17
c__Chrysiogenetes	13	20	14	7	12	8	9	15	11	25	36	15	20	72	71	2	7	11	10	21	8	21	39	1	13	17	5	5	2	10	1	3	26	2	6	15	12	1	16	36	8	13	26	0	3	0	10	11	7	16	22	14	31	0	2	15	3	30	26	21	32	26
c__Methanonatronarchaeia	3	3	0	25	38	469	3	8	0	19	1	5	23	11	9	2	1	0	2	2	6	3	4	65	75	4	10	262	0	2	0	0	94	0	0	58	46	1	2	74	27	314	3	3	7	2	1	10	0	2	4	0	0	665	826	105	48	0	6	223	31	8
c__Arthoniomycetes	0	0	0	9	20	2	0	78	15	4	0	0	0	12	8	3	8	0	19	44	0	0	1	1	9	8	8	20	11	4	7	11	0	23	10	60	19	0	41	8	106	1	664	377	0	2	2	0	0	395	354	0	0	6	4	0	0	8	0	0	0	0
c__Caudoviricetes	12284	571	892	342	889	864	894	1233	388	3094	4674	3133	1607	916	8539	156	32817	1701	381	1175	468	760	1150	654	798	438	2534	681	176	194	469	201	778	280	485	425	377	17	503	1169	340	507	330	105	922	13	291	8955	1066	370	990	135	472	940	956	569	346	3780	6735	739	6954	3998
c__Dinophyceae	7268	5883	10522	1347	1640	1036	676	3180	2271	5246	11629	4967	2580	2149	1370	598	892	3631	3170	2780	471	2356	3796	219	1166	2444	632	560	679	1815	609	848	1665	1076	1170	1628	1397	143	2861	1950	988	557	497	949	796	12	583	972	3824	956	1438	606	2063	226	284	1826	481	1176	5023	793	6226	6790
c__Choanoflagellata	9	112	29	78	74	31	11	41	78	53	37	11	18	18	23	76	14	8	128	46	12	36	27	5	77	56	17	44	56	8	59	43	57	28	9	52	56	2	52	33	27	22	48	16	12	0	25	30	12	11	14	9	12	14	12	21	5	38	12	24	38	15
c__Anthozoa	57	522	60	195	619	208	153	265	106	727	801	55	221	70	51	127	71	148	373	235	32	216	118	24	152	224	100	304	116	103	115	119	42	75	102	372	649	11	411	129	162	28	199	69	190	0	99	121	94	75	160	41	131	30	7	38	40	93	298	57	476	1212
c__Tectiliviricetes	1	0	0	0	2	4	0	1	0	2	0	0	0	1	1	0	0	0	3	2	0	1	64	0	0	1	0	1	0	3	0	3	2	11	1	6	2	0	2	4	0	0	0	0	0	0	1	202	1	0	1	0	0	0	0	0	0	0	2	13	9	2
c__Leptocardii	9	100	8	34	156	56	9	47	10	18	90	19	29	13	14	15	11	8	46	41	7	17	33	1	37	34	14	107	14	13	14	17	65	30	27	71	176	3	106	88	43	27	42	15	31	1	11	14	3	13	30	15	15	4	0	46	7	65	16	83	47	29
c__Pucciniomycetes	365	735	344	2568	1564	202	271	1852	2121	995	241	51	54	479	544	2396	454	180	1326	1376	27	30	200	29	1959	1317	605	342	2046	673	1867	1374	60	626	254	1150	581	2	991	450	1126	7	399	333	179	2	327	258	98	345	752	9	48	79	31	17	58	880	206	51	95	106
c__Ignavibacteria	122	161	124	105	167	93	119	294	42	889	1431	420	802	344	299	23	61	183	248	238	127	784	506	37	102	226	76	87	30	118	56	57	449	87	83	236	123	21	337	708	147	181	56	23	121	5	91	324	167	474	1496	183	675	99	124	437	258	99	362	417	746	1140
c__Mortierellomycetes	19	31	9	198	98	27	18	33	89	73	20	14	8	19	14	92	26	14	47	61	1	7	14	9	139	298	49	39	106	26	87	58	4	22	13	39	24	1	26	49	65	24	92	32	23	0	31	48	20	68	64	0	6	4	9	0	5	63	8	4	4	10
c__Oligoflexia	1163	2873	1904	817	1434	512	158	2781	710	903	1261	753	326	1656	3660	251	837	567	2071	4109	172	889	581	69	1854	3165	749	487	402	505	403	699	335	805	468	1601	841	54	2013	960	635	185	232	159	406	1	481	589	481	350	439	143	505	92	260	308	159	440	507	254	816	5148
c__Colpodea	0	0	0	0	0	0	0	0	0	0	0	0	0	0	0	0	0	2	0	0	0	0	0	0	0	0	0	0	0	0	0	0	0	0	0	0	0	0	0	0	0	0	0	0	0	0	0	0	0	0	0	0	0	0	0	0	0	0	0	0	0	0
c__Revtraviricetes	0	0	3	6	58	17	2	32	3	2	2	4	0	5	4	6	2	4	1	26	48	0	23	13	15	20	9	6	19	18	2	14	0	32	4	40	18	0	20	16	8	3	1	1	44	0	1	2	1	8	4	0	0	2	4	1	7	7	5	0	4	0
c__Prasinodermophyceae	9	18	16	27	27	8	4	17	11	11	20	9	6	7	5	3	7	6	16	14	3	28	26	0	8	23	6	2	10	12	4	13	10	13	2	14	23	0	14	19	5	9	6	19	0	0	16	42	13	2	6	5	19	2	3	13	1	5	0	9	11	7
c__Candidatus Nanohalobia	0	3	0	1	6	43	5	1	0	5	0	0	6	2	0	0	0	0	0	0	0	1	0	40	20	0	0	1	0	0	0	1	3	0	0	24	12	0	0	3	3	66	0	2	0	2	0	2	0	0	0	0	0	117	181	8	15	0	0	50	7	4
c__Leviviricetes	0	0	0	1	0	0	0	0	0	0	0	0	2	0	6	2	0	0	0	0	55	3	0	0	0	1	0	0	0	0	0	0	0	0	0	0	0	0	0	1	0	0	0	0	0	0	0	2	0	0	0	0	3	0	0	0	0	0	0	0	0	1
c__Craniata	0	0	0	0	1	0	0	0	0	0	0	0	0	0	0	0	0	0	0	0	0	0	0	0	0	0	0	0	0	0	0	0	0	0	0	0	2	0	0	0	0	0	0	0	0	0	0	0	0	0	0	0	0	0	0	0	0	0	0	0	0	0
c__Hexanauplia	30	52	14	81	337	112	12	58	39	148	219	57	32	41	19	42	23	51	54	80	32	20	61	15	56	88	54	62	43	24	34	34	28	27	97	138	351	9	176	45	51	25	48	25	42	2	22	61	24	36	73	9	56	11	18	13	7	20	109	12	168	138
c__Cestoda	74	37	75	47	128	53	10	53	24	32	11	10	11	22	17	43	32	23	78	58	15	6	23	5	64	45	32	67	47	18	21	29	24	14	24	153	102	0	68	28	47	24	153	15	34	0	14	30	17	33	66	0	22	37	37	13	10	17	2	7	2	18
c__Mammalia	252	584	302	3379	42932	19465	928	4427	684	391	524	450	736	563	1445	4377	1481	1758	679	18263	39334	629	5550	8367	481	1125	1603	593	652	974	816	837	598	13226	370	5226	3031	25	1266	5114	4514	568	719	419	24814	12	535	1492	475	1207	1495	60	158	668	1538	2449	1400	816	1591	550	1246	333
c__Chrymotiviricetes	0	0	0	0	0	0	0	0	0	0	0	13	3	0	0	0	0	0	0	2	0	0	0	0	0	2	0	0	1	0	4	1	0	1	0	0	2	0	1	0	0	0	0	0	0	0	0	0	0	2	11	0	0	0	0	0	0	0	0	0	0	0
c__Synergistia	83	102	79	45	80	57	89	82	40	468	231	380	275	526	458	15	26	35	77	148	142	1024	340	49	78	84	154	61	40	94	209	22	562	25	393	68	37	27	91	282	103	145	174	34	14	3	287	406	225	126	161	235	632	50	78	392	200	47	108	237	153	143
c__Olpidiomycetes	7	51	15	199	91	21	20	24	131	63	45	12	7	37	34	130	23	13	85	82	15	142	42	1	131	137	38	57	165	84	88	73	56	30	37	49	28	3	43	76	53	2	63	43	10	1	34	38	7	28	42	13	48	5	3	10	16	57	12	13	4	15
c__Enteropneusta	3	13	2	6	41	30	1	6	5	3	2	13	0	18	6	7	2	0	7	15	6	0	2	7	17	15	2	31	8	3	4	7	1	4	1	29	89	1	39	8	2	5	13	4	5	0	4	25	8	9	12	0	3	4	23	6	0	2	3	22	9	7
c__Caldilineae	82	131	169	126	155	96	36	193	63	227	146	235	269	177	54	11	55	47	178	183	283	3762	1413	46	94	278	40	68	25	47	28	51	984	50	133	214	161	87	369	1058	299	665	119	52	27	7	146	291	142	267	443	589	1723	101	136	1416	392	74	117	906	333	228
c__Caldisericia	3	6	3	0	3	1	0	3	1	3	1	25	22	23	21	0	3	0	4	11	5	22	21	12	3	1	2	0	0	0	3	0	39	0	2	3	0	0	6	7	2	5	3	2	3	0	5	9	5	39	36	4	28	7	0	92	11	2	6	14	12	12
c__Candidatus Sumerlaeia	19	25	38	11	10	7	16	25	0	26	0	12	2	32	38	1	7	1	23	21	6	50	44	3	12	22	4	9	4	2	1	5	64	3	9	9	9	0	27	32	4	48	0	5	1	0	3	8	2	21	11	5	42	0	1	43	25	7	20	44	32	13
c__Limnochordia	23	31	31	4	13	23	5	16	6	32	10	22	37	69	63	2	1	2	17	16	36	295	201	10	12	36	9	16	4	2	2	14	67	5	13	21	23	25	29	48	25	42	1	4	1	0	6	40	11	55	201	23	54	73	64	97	35	11	16	92	18	23
c__Mediophyceae	22	37	13	130	120	44	3	87	52	45	34	6	12	19	47	14	6	50	61	43	13	47	24	4	43	47	30	20	23	32	17	28	41	25	33	41	24	0	47	32	32	100	17	7	11	0	17	34	16	17	16	7	24	17	32	78	31	22	4	73	72	27
c__Rubrobacteria	486	861	761	5338	7431	5291	258	5902	388	30583	3235	155007	117069	6642	1437	6542	2366	994	3635	1530	232120	1747308	202911	10642	523	2561	313	843	232	278	143	436	1248084	7778	20863	1982	4878	30320	3206	685157	209296	380555	936	3079	4477	4383	30383	89201	416	385450	973763	276705	1049094	6541	1573	1169914	371418	10881	9811	518594	36233	21556
