#NAME	H814_chip_2_S1	H814_chip_S1	H815_chip_S1	H817_chip_S1	H821_chip_S1	H823_chip_S1	H827_chip_S1	H831_chip_2_S1	H831_chip_S1	H835_chip_2_S1	H835_chip_S1	H838_chip_S1	H840_chip_S1	H841_chip_S1	H800_swab_1_S1	H800_swab_2_S1	H801_swab_1_S1	H802_swab_1_S1	H802_swab_2_S1	H803_swab_1_S1	H803_swab_2_S1	H804_swab_1_S1	H804_swab_4_S1	H805_swab_1_S1	H805_swab_2_S1	H806_swab_1_S1	H806_swab_2_S1	H807_swab_1_S1	H807_swab_2_S1	H809_swab_1_S1	H809_swab_2_S1	H810_swab_1_S1	H813_swab_3_S1	H813_swab_4_S1	H817_swab_1_S1	H817_swab_2_S1	H818_swab_1_S1	H818_swab_2_S1	H819_swab_1_S1	H819_swab_2_S1	H820_swab_1_S1	H820_swab_2_S1	H821_swab_1_S1	H821_swab_2_S1	H822_swab_1_S1	H822_swab_2_S1	H823_swab_1_S1	H825_swab_1_S1	H825_swab_2_S1	H827_swab_1_S1	H827_swab_2_S1	H831_swab_1_S1	H831_swab_2_S1	H833_swab_1_S1	H834_swab_1_S1	H834_swab_2_S1	H837_swab_1_S1	H837_swab_2_S1	H840_swab_1_S1	H840_swab_2_S1	H841_swab_1_S1	H841_swab_2_S1
p__Candidatus Parvarchaeota	0	3	10	0	6	0	17	2	0	0	0	0	10	42	1	0	0	0	1	0	1	1	0	4	0	0	10	0	0	1	0	0	0	0	0	1	0	0	0	0	0	2	0	0	0	4	1	7	5	0	0	0	0	0	7	18	4	2	0	1	2	0
p__Candidatus Gracilibacteria	4	5	7	1	118	0	13	3	0	5	57	62	41	30	5	7	4	4	17	3	24	9	3	54	27	16	16	27	7	4	3	2	3	20	2	7	1	0	5	4	7	2	4	44	0	11	13	52	25	2	1	3	26	10	5	4	3	0	4	9	8	24
p__Ctenophora	0	0	0	0	0	0	0	0	0	0	0	0	0	0	0	0	0	0	0	0	0	0	0	0	0	0	0	0	0	0	0	0	0	0	0	0	0	0	0	0	0	0	0	0	1	0	0	0	0	0	0	0	0	0	1	0	0	0	0	0	0	0
p__Elusimicrobia	174	1127	724	38	1031	27	374	46	1	240	902	892	308	344	273	296	321	150	285	161	57	271	101	254	353	599	378	446	351	38	197	145	388	454	184	396	135	84	60	73	102	103	112	195	197	173	469	669	273	306	35	214	372	577	471	1073	77	100	109	223	294	249
p__Candidatus Amesbacteria	8	76	30	1	49	6	88	9	2	6	25	125	17	42	27	10	10	7	10	8	10	21	4	29	7	39	26	121	197	0	6	1	13	20	4	12	11	1	0	1	31	0	1	31	3	6	21	32	8	39	0	15	38	10	14	8	4	4	5	1	9	11
p__Dicyemida	0	0	0	0	0	0	0	0	0	0	0	0	0	0	0	0	0	0	0	0	0	0	0	0	0	0	0	0	0	0	0	0	0	0	0	1	0	0	0	0	0	0	0	0	0	0	0	0	0	0	0	0	0	0	0	0	0	0	0	0	0	0
p__Acidobacteria	7537	35497	49310	1893	27170	1167	10324	2205	102	7513	25156	23461	7998	12671	19904	36800	16458	35858	53722	13296	3633	79564	25362	16925	13652	17302	7158	27460	41232	13749	53649	13718	112081	145701	37230	135331	12772	21205	22730	15283	13029	41755	24071	22426	85618	56201	144797	53121	33407	3950	3736	12053	11358	15778	54590	39514	3807	9103	13473	9584	14850	10760
p__Candidatus Wolfebacteria	2	17	17	3	7	0	1	0	0	7	19	0	1	5	3	14	10	2	8	5	24	12	1	22	5	69	33	92	11	0	0	9	8	13	7	13	0	1	0	2	1	3	3	3	5	5	5	6	6	1	0	6	25	33	1	9	2	3	3	13	5	15
p__Lenarviricota	55	5	8	2	0	0	0	0	0	0	3	0	0	0	0	0	1	4	10	6	0	36	6	4	0	0	4	0	12	2	7	0	17	26	12	36	1	17	27	36	19	19	26	47	23	30	8	3	8	0	5	2	3	0	2	0	5	8	0	2	1	3
p__Candidatus Andersenbacteria	0	4	28	1	1	1	4	5	0	0	15	4	0	0	0	4	1	0	1	0	0	4	1	1	2	3	1	0	0	0	1	3	8	8	1	5	2	2	0	0	1	0	1	2	0	4	3	1	0	0	0	1	4	0	2	1	2	1	0	0	3	6
p__Candidatus Lloydbacteria	7	11	10	0	0	3	0	0	0	29	137	0	0	1	3	4	3	3	6	4	0	5	0	4	2	7	2	14	0	2	6	0	2	6	4	11	0	0	1	0	1	2	1	2	1	4	6	6	0	3	0	0	1	0	0	1	0	0	1	0	5	1
p__Deinococcus-Thermus	12925	273970	7412	317	13719	6376	4657	691	55	26071	82065	18368	4306	5311	948	2512	1483	893	2464	736	275	2329	1186	1732	1230	3974	2488	1723	1330	1404	546	588	1316	1669	535	3838	514	450	506	656	508	386	742	17130	1032	1066	1871	9102	2712	162	373	818	2112	1615	3806	7899	372	451	802	1049	2083	1836
p__Candidatus Niyogibacteria	0	10	7	0	1	0	5	0	0	2	0	30	0	6	1	0	3	1	0	0	0	4	0	0	1	1	2	3	0	2	1	0	2	1	5	7	0	0	0	0	0	0	1	0	0	0	3	2	1	1	0	6	2	6	0	4	0	0	0	0	0	1
p__Lentisphaerae	268	2148	751	100	642	48	620	70	5	431	1467	1003	291	570	167	367	278	273	359	123	81	406	104	388	353	387	213	573	559	52	260	83	434	407	261	466	225	105	95	115	89	113	112	206	260	190	556	647	223	176	31	231	532	308	558	1073	91	88	135	316	382	499
p__Candidatus Fervidibacteria	0	2	15	0	0	0	1	0	0	0	0	0	0	2	0	1	0	4	0	3	1	5	1	0	0	0	0	0	0	0	0	1	3	1	0	2	0	0	0	0	0	0	0	0	3	1	2	9	1	0	0	0	0	0	4	1	5	14	0	2	1	0
p__Chaetognatha	0	0	0	0	0	0	0	0	0	0	0	0	0	0	0	0	0	0	0	0	0	0	0	0	0	0	0	0	0	0	0	0	0	0	0	0	0	0	0	0	0	0	0	0	1	0	0	0	0	0	0	0	0	0	0	0	0	0	0	0	0	0
p__Prasinodermophyta	3	28	26	0	10	0	9	0	0	5	19	13	1	9	9	18	16	27	27	8	4	17	11	11	20	9	6	7	5	3	7	6	16	14	8	23	6	2	10	12	4	13	13	2	14	23	14	19	5	6	19	16	42	13	2	6	2	3	5	0	11	7
p__Candidatus Chisholmbacteria	0	7	13	0	1	0	3	0	0	1	12	0	2	2	0	0	0	3	0	3	0	0	0	3	0	1	0	0	4	1	0	0	3	4	0	2	2	1	0	0	1	2	2	2	0	1	5	3	0	18	0	1	4	0	23	11	2	1	2	1	13	2
p__Candidatus Fischerbacteria	0	1	12	0	2	0	0	0	0	4	31	3	0	4	1	6	0	0	6	4	0	7	2	6	4	25	4	24	3	2	1	1	11	8	4	9	0	6	0	3	1	3	1	0	6	6	6	6	4	2	0	1	4	3	2	0	0	1	3	1	3	2
p__Candidatus Riflebacteria	36	126	47	1	24	1	14	4	1	20	39	34	4	47	3	15	5	14	9	3	1	23	3	23	61	69	6	15	15	0	4	4	21	38	15	42	11	4	5	3	4	16	2	19	9	9	21	18	5	19	1	15	11	118	10	23	9	13	2	5	31	31
p__Candidatus Moranbacteria	17	54	57	2	90	1	31	6	0	14	62	50	9	11	17	35	16	13	20	17	3	118	2	33	51	33	17	70	14	3	9	3	25	34	15	39	10	8	12	2	5	14	8	5	20	10	49	55	15	2	4	6	29	3	9	5	4	5	9	24	8	41
p__Candidatus Fermentibacteria	5	68	70	3	29	2	13	2	0	32	87	24	26	13	9	8	3	2	11	2	2	20	5	11	22	10	12	18	7	2	2	1	16	17	9	18	12	0	3	0	3	6	4	34	5	7	28	53	13	2	4	2	13	3	20	70	3	3	7	4	16	15
p__Foraminifera	0	15	24	5	20	1	13	3	0	2	1	54	8	12	8	189	20	53	58	16	3	53	25	19	19	7	29	20	43	20	7	35	203	33	31	52	11	19	24	5	20	22	26	4	30	21	40	21	20	9	11	16	15	11	13	6	17	9	15	8	2	15
p__Candidatus Ryanbacteria	1	15	15	0	3	0	0	0	0	9	16	1	3	1	5	4	0	0	7	1	1	5	0	0	3	1	1	0	2	0	0	0	0	6	0	2	0	2	0	0	0	3	1	3	1	3	4	1	1	1	0	3	2	0	0	0	0	0	2	2	5	1
p__Candidatus Coatesbacteria	17	82	50	4	16	7	18	3	0	20	65	27	1	20	8	10	3	6	4	10	5	15	3	10	6	5	13	14	26	1	3	3	11	19	5	12	2	16	2	3	2	5	0	1	15	7	5	16	9	1	1	5	15	12	84	282	12	17	3	9	34	11
p__Candidatus Abyssubacteria	17	166	90	9	93	8	45	5	0	39	120	270	28	61	17	28	21	24	11	24	3	12	7	47	22	36	32	40	13	6	6	3	28	33	16	27	29	6	6	0	0	5	7	47	14	18	34	49	20	4	2	43	43	11	14	8	4	10	4	9	18	13
p__Candidatus Desantisbacteria	3	34	33	2	34	0	133	1	0	7	15	61	19	69	4	4	14	1	5	8	3	9	1	23	10	18	20	29	14	0	8	6	2	24	11	13	12	6	2	6	2	8	1	41	4	2	12	26	16	2	2	50	30	19	9	14	2	3	5	1	14	4
p__Candidatus Gribaldobacteria	0	0	2	0	0	0	0	0	0	0	1	1	0	1	1	0	2	0	0	0	0	2	0	0	0	2	0	2	0	0	0	0	1	0	0	0	0	0	0	0	0	1	0	0	1	0	3	1	0	0	0	0	0	0	0	0	0	1	0	0	0	0
p__Candidatus Collierbacteria	2	12	57	10	1	1	2	1	0	8	13	8	4	4	1	6	0	5	2	0	0	6	0	12	1	2	3	9	39	0	0	0	5	1	4	17	0	5	0	1	3	0	2	4	1	2	5	20	3	3	0	1	1	2	1	3	0	0	0	0	12	8
p__Kitrinoviricota	0	1	0	0	0	0	1	0	0	0	2	0	0	0	0	0	0	2	0	1	0	1	1	0	0	0	0	0	0	0	2	0	2	0	7	0	0	0	0	0	2	1	0	0	0	0	0	2	0	0	0	0	0	0	7	13	0	0	0	0	0	1
p__Thermotogae	124	1668	542	47	771	36	358	31	0	253	853	704	250	445	137	92	103	43	62	71	115	93	53	434	114	456	463	581	816	30	18	34	110	98	81	99	133	17	15	12	187	21	32	257	52	41	107	463	143	534	21	248	516	278	110	166	40	78	77	155	274	183
p__Perkinsozoa	16	69	20	2	27	3	21	13	0	7	31	56	8	25	109	99	111	94	64	23	7	169	41	30	70	23	13	19	15	43	29	23	248	146	71	119	21	24	40	43	40	22	19	59	128	43	97	208	66	25	41	15	34	9	52	108	10	16	48	75	71	138
p__Candidatus Mcinerneyibacteriota	0	10	9	0	0	0	1	2	0	2	8	2	2	2	0	0	1	1	0	2	8	4	2	7	2	10	18	5	3	0	1	0	1	4	5	0	1	0	0	0	8	1	1	8	0	0	2	3	2	1	1	6	3	3	2	8	8	1	0	0	8	2
p__Endomyxa	19	61	123	5	22	0	3	15	1	4	40	15	13	13	60	833	61	107	92	32	11	52	49	55	72	117	61	57	72	27	18	63	746	102	53	87	36	31	38	44	19	25	71	40	51	35	68	53	44	39	25	28	36	19	52	71	1	1	37	70	41	55
p__Candidatus Vogelbacteria	0	35	16	0	0	0	2	0	0	1	13	7	1	4	0	2	6	6	5	0	0	10	0	2	2	3	1	4	3	0	2	2	5	2	1	5	12	0	0	3	1	0	3	11	3	1	5	3	3	0	0	4	21	10	0	2	3	0	1	4	4	1
p__Planctomycetota	6160	23406	107010	1828	13642	659	7145	1724	58	4581	15715	13462	4858	8705	32340	90519	62840	39816	46414	15572	4894	76379	16298	18929	9405	10308	6081	31355	33357	9290	25490	6285	207683	165015	106254	141739	31821	21980	14397	16082	9417	26868	18456	12304	49482	37727	109225	39734	21789	5814	6694	27672	27912	11637	25061	20787	4126	8252	8878	5934	10394	7997
p__Candidatus Campbellbacteria	0	6	8	0	4	0	1	1	0	2	0	4	0	1	2	0	0	2	4	6	0	2	0	0	6	0	0	2	1	0	0	0	0	3	0	2	1	0	0	0	4	1	0	1	3	0	4	2	0	1	0	0	5	1	1	3	0	0	3	2	3	4
p__Parabasalia	3	2	5	4	2	0	10	2	0	1	5	6	0	12	8	35	5	81	83	33	5	36	27	17	19	5	8	12	16	34	21	6	48	29	21	34	22	18	33	4	26	24	13	7	39	23	27	7	17	35	15	9	12	13	45	58	7	8	7	19	0	23
p__Calditrichaeota	87	1132	739	53	552	25	420	71	6	203	923	942	210	626	130	187	135	84	125	162	80	192	57	469	335	322	219	365	366	33	48	236	224	247	119	284	72	45	42	71	221	65	47	116	121	104	247	1343	164	152	25	162	284	228	367	830	39	36	145	260	951	603
p__Candidatus Parcubacteria	24	301	157	28	324	4	195	21	2	44	248	202	107	98	37	57	59	25	45	105	16	71	13	274	51	388	754	218	163	5	9	11	76	59	48	70	11	69	10	7	26	17	10	8	90	34	58	181	46	19	13	79	192	13	818	3166	130	161	25	52	150	101
p__Candidatus Muirbacteria	4	92	13	0	7	0	6	0	0	3	16	18	1	3	7	2	3	2	4	0	4	9	2	10	6	3	18	22	32	0	1	0	4	5	1	3	7	0	0	0	2	0	0	13	3	3	2	8	0	62	1	7	28	6	6	2	0	0	0	1	2	3
p__Chytridiomycota	40	273	265	60	149	14	53	121	0	49	123	272	35	132	279	843	173	2030	1097	353	1421	408	1245	2325	484	2172	2129	1627	825	1520	277	135	995	857	1346	1325	921	427	1220	447	2765	745	404	1551	612	383	616	699	507	1960	551	2075	3672	1382	236	315	47	41	512	229	211	277
p__Candidatus Handelsmanbacteria	23	170	207	13	228	5	76	3	0	29	90	113	53	117	24	31	35	21	26	47	5	49	28	36	33	60	22	53	29	1	14	13	47	47	37	60	31	10	4	15	0	10	12	30	54	30	74	185	30	2	1	29	70	106	32	30	25	36	10	31	78	28
p__Artverviricota	48	0	23	13	0	0	3	44	0	0	0	1	7	0	0	0	3	6	58	17	2	32	3	2	2	4	0	5	4	6	2	4	1	26	15	20	9	6	19	18	2	14	32	4	40	18	20	16	8	1	1	1	2	1	8	4	2	4	7	5	4	0
p__Candidatus Levybacteria	12	131	90	2	43	1	33	5	1	18	83	43	19	28	14	43	34	32	59	8	8	86	12	18	8	31	39	37	13	6	14	12	56	124	67	146	4	18	15	11	0	13	9	7	40	27	71	87	28	4	2	14	24	1	81	178	3	8	12	3	27	31
p__Candidatus Jorgensenbacteria	3	26	6	0	8	0	0	0	0	0	3	2	2	7	0	1	1	0	2	0	0	3	0	2	1	9	14	5	3	0	0	1	2	3	2	0	0	0	0	0	0	2	0	1	0	0	6	12	4	1	2	7	6	2	1	1	0	1	0	1	0	1
p__Pisuviricota	0	1	0	4	0	0	0	0	0	0	2	0	1	0	9	3	16	1	1	1	0	2	0	6	7	50	9	0	1	3	0	0	5	3	5	0	5	2	2	6	0	5	3	2	2	6	2	1	2	9	0	0	0	0	0	2	0	0	1	0	1	18
p__Bacillariophyta	92	233	141	48	153	8	190	42	2	75	223	201	84	170	364	385	353	727	926	328	45	683	221	163	158	144	120	124	153	178	152	174	503	272	258	367	253	124	172	104	179	184	135	110	395	232	465	159	338	157	126	127	226	209	157	155	124	135	106	66	208	198
p__Candidatus Kapabacteria	2	3	27	1	6	1	5	5	0	1	8	0	0	4	0	0	2	3	4	0	1	3	0	6	32	3	2	7	0	1	2	7	2	1	0	4	1	0	0	1	0	1	0	3	4	4	15	2	0	0	0	0	2	1	0	0	0	0	0	3	29	37
p__Candidatus Kerfeldbacteria	5	42	43	0	15	2	41	2	0	13	28	90	3	55	15	16	23	4	12	3	3	10	3	34	51	14	8	33	1	0	2	0	7	8	3	11	0	1	1	2	6	2	5	3	5	4	16	8	1	6	1	1	3	7	12	17	1	3	0	9	11	19
p__Nanoarchaeota	4	24	20	12	52	3	82	3	1	42	79	48	19	83	1	16	10	5	12	60	21	20	4	29	16	111	28	93	14	2	6	4	15	23	14	14	11	26	2	11	32	7	7	12	19	9	12	23	25	4	0	15	39	50	8	14	53	43	3	9	24	19
p__Orthonectida	0	0	0	1	0	0	0	0	0	7	14	1	1	0	3	4	0	10	10	0	0	10	3	4	2	0	1	0	1	0	0	0	14	2	4	12	0	1	1	0	3	12	0	1	21	4	9	0	4	4	0	2	0	0	4	2	0	3	1	0	0	0
p__Candidatus Curtissbacteria	3	15	46	2	4	0	11	2	0	2	2	61	1	14	3	0	3	5	13	3	1	10	2	4	2	12	10	16	5	0	1	1	6	9	7	14	3	0	1	0	3	0	0	1	6	0	9	11	4	0	0	1	7	3	3	4	0	3	0	3	9	1
p__Candidatus Rokubacteria	973	5684	6337	235	3239	163	1384	145	11	1182	4025	2965	845	1351	986	1099	1237	621	910	484	100	1429	347	548	596	795	604	694	634	134	345	354	2273	1635	654	1824	369	389	227	452	200	463	507	553	1050	908	2514	2554	862	227	246	402	866	420	2086	4131	227	372	437	637	1058	846
p__Candidatus Spechtbacteria	6	120	3	1	3	8	4	2	0	4	16	2	0	0	0	3	3	0	0	2	4	1	2	16	19	50	2	5	5	0	0	10	0	2	0	0	0	1	0	0	0	2	2	4	2	0	0	0	4	0	0	5	3	95	7	2	2	0	2	4	4	9
p__Crenarchaeota	125	1268	664	295	1035	35	980	40	13	294	990	1012	357	892	100	106	54	128	198	734	123	117	195	339	148	263	337	480	497	163	77	118	242	193	250	156	133	667	145	129	185	76	112	244	218	133	140	675	234	101	42	149	257	132	404	820	1109	1433	82	94	202	174
p__Onychophora	0	0	0	0	0	0	0	0	0	0	0	0	0	0	0	0	0	0	3	2	0	0	0	0	0	0	0	0	0	0	0	0	0	0	0	0	0	0	0	0	0	0	0	0	0	0	0	0	0	0	0	0	0	0	0	4	0	0	0	0	0	0
p__Candidatus Bipolaricaulota	58	538	349	39	558	23	369	5	0	159	531	700	191	223	18	38	14	24	55	71	32	49	12	152	49	157	173	170	56	10	68	37	50	61	58	96	40	36	11	134	54	12	23	41	46	34	57	356	131	50	15	64	176	44	121	222	120	148	35	27	78	51
p__Candidatus Berkelbacteria	49	342	95	3	76	1	36	2	0	86	285	118	26	48	1	30	6	9	13	7	10	29	6	38	10	44	19	24	11	6	6	3	10	45	6	22	3	2	1	1	8	2	9	12	16	10	27	61	14	3	2	7	40	24	44	71	8	4	13	29	11	20
p__Spirochaetes	533	4709	1715	191	1725	118	833	342	11	919	3133	2083	695	1202	815	869	718	374	452	409	661	644	396	1928	2345	2146	1675	1744	1387	181	614	473	644	860	601	636	769	265	235	305	690	205	281	1173	492	381	793	1462	534	619	129	958	2157	1926	863	1537	364	462	638	1968	2966	2418
p__Candidatus Aerophobetes	35	276	125	3	83	2	110	2	0	42	153	137	113	112	16	33	26	9	18	14	32	15	29	71	30	62	73	47	42	13	73	6	24	16	25	23	10	12	0	11	16	7	1	37	20	9	26	114	26	26	3	29	76	48	35	84	10	33	9	26	32	22
p__Candidatus Daviesbacteria	14	66	84	0	13	2	17	4	0	4	16	23	7	30	6	13	1	8	20	2	0	19	1	40	9	2	8	11	5	1	1	0	13	27	14	31	8	0	0	5	2	5	3	1	7	2	15	14	2	3	2	2	22	17	9	1	0	0	10	20	2	27
p__Candidatus Uhrbacteria	18	337	105	11	65	3	36	4	0	33	106	92	11	40	15	31	97	9	39	18	2	35	13	41	46	44	19	24	10	2	11	19	62	59	17	37	12	25	6	5	56	11	11	17	24	19	21	31	16	18	7	8	37	46	55	132	11	5	6	16	37	57
p__Candidatus Thorarchaeota	22	304	219	24	140	12	34	5	0	59	187	92	20	69	574	13	12	6	15	84	3	25	5	30	15	45	52	46	15	6	6	31	27	21	12	31	16	30	3	10	22	10	9	34	18	13	38	107	35	9	10	33	61	53	47	106	96	102	12	39	49	36
p__Nucleocytoviricota	6	19	12	3	3	0	4	11	0	1	6	4	5	3	79	514	126	6127	69	36	7	322	97	42	32	51	37	54	52	13	88	40	367	233	158	643	256	1192	205	31	72	13	41	19	90	52	98	215	30	6713	109	40	31	21	26	12	13	12	28	24	16	20
p__Echinodermata	10	55	57	16	65	7	31	47	2	14	37	18	11	18	28	89	11	110	255	100	17	74	67	43	28	39	30	20	25	90	11	32	120	104	82	91	21	183	80	36	44	63	36	33	175	257	157	55	56	74	28	30	28	14	22	50	17	22	41	14	16	20
p__Brachiopoda	2	35	19	2	1	3	2	2	0	6	2	1	0	3	0	6	0	43	97	16	3	37	16	11	5	3	1	6	6	20	6	1	34	17	16	14	21	19	11	7	9	23	7	16	28	67	23	12	21	9	9	19	21	12	6	34	6	1	2	7	7	1
p__Candidatus Dadabacteria	39	458	208	7	464	10	213	13	7	108	433	281	140	293	34	97	57	50	62	73	13	111	24	72	87	162	108	105	75	11	16	109	67	84	32	109	14	29	25	14	84	32	40	58	55	38	132	357	99	4	5	22	89	29	182	425	24	37	37	57	225	90
p__Candidatus Tagabacteria	0	0	0	0	1	0	0	0	0	3	3	3	0	0	0	1	1	0	0	0	0	0	0	0	0	2	0	0	0	1	0	8	2	0	0	0	0	1	0	0	0	0	0	0	1	0	0	3	8	0	0	0	0	0	0	0	0	0	0	0	0	2
p__Candidatus Adlerbacteria	0	3	2	2	0	0	0	0	0	0	0	1	0	1	0	3	1	0	3	1	0	3	0	0	2	0	0	2	0	2	0	0	3	2	3	6	2	0	0	0	0	0	0	2	4	0	5	2	4	0	0	1	0	0	2	2	1	0	1	2	3	4
p__candidate division NC10	84	823	521	9	469	22	353	10	1	144	546	524	136	188	48	66	71	47	62	26	7	84	56	65	76	121	67	78	285	13	26	115	100	127	65	125	28	9	17	15	12	49	29	59	80	62	153	461	119	43	9	35	103	15	256	741	11	23	219	46	137	65
p__Discosea	19	238	313	3	61	2	16	8	0	18	51	52	22	38	34	226	26	142	197	47	12	192	123	66	251	24	1282	83	88	73	30	10	444	249	117	330	35	65	71	23	48	52	36	18	134	87	175	104	60	41	17	33	42	107	182	498	34	24	64	20	36	47
p__Kiritimatiellaeota	18	274	96	9	230	3	266	22	5	20	60	227	84	213	50	173	98	33	73	36	15	78	65	89	128	69	81	65	70	15	33	56	79	104	34	86	30	19	13	16	16	17	25	61	51	30	107	180	49	7	22	19	57	75	47	55	53	43	60	79	153	119
p__Basidiomycota	1915	2279	2841	1334	2262	88	1011	6354	13	439	1327	1235	972	732	169732	464225	54557	91921	22675	6886	105033	35621	770425	336478	91649	10671	13854	150707	165640	1072875	124951	124469	906104	847909	155935	35845	9547	19718	974205	657944	550820	249936	416391	252620	16629	15416	27831	18203	15637	40809	134787	60022	21159	30234	8099	10520	5595	4076	184227	9491	2221	15679
p__Candidatus Pacebacteria	1	28	33	1	1	1	17	1	0	22	70	54	1	17	3	6	4	6	9	25	0	11	6	10	10	1	5	5	1	3	0	5	13	18	6	21	2	27	0	0	1	0	2	13	4	2	17	8	5	6	0	22	7	19	12	18	12	26	2	7	6	13
p__Candidatus Aenigmarchaeota	69	243	117	25	141	4	172	6	1	29	96	129	64	247	15	11	7	33	35	117	23	29	3	38	15	24	16	52	109	5	10	4	30	24	48	41	3	80	5	5	24	13	5	9	49	30	44	81	29	9	6	24	34	4	18	37	268	284	5	22	41	27
p__Candidatus Thermoplasmatota	225	1162	727	270	759	44	1071	32	12	219	684	934	309	1068	169	149	113	169	201	776	71	156	32	390	419	326	245	542	653	20	55	101	164	153	238	168	86	473	21	37	164	50	61	147	227	179	191	708	244	235	22	144	301	86	394	853	1300	1350	75	183	394	239
p__Acanthocephala	0	0	0	0	0	0	0	0	0	0	0	0	0	0	0	0	0	2	0	0	0	0	0	0	0	0	0	0	0	0	0	0	0	0	0	0	0	0	0	0	0	0	0	0	0	0	0	0	0	0	0	0	0	0	0	0	0	0	0	0	0	0
p__Haptophyta	32	212	134	32	113	13	92	32	0	40	144	95	49	139	191	437	239	245	177	86	24	113	164	105	115	118	83	95	84	150	87	57	456	189	150	196	59	73	138	114	114	108	91	73	142	110	171	128	108	195	72	47	62	101	127	146	26	58	177	50	173	249
p__Zoopagomycota	30	35	41	55	28	5	53	92	0	19	44	84	20	54	182	370	141	1358	724	245	134	182	1206	562	321	96	91	177	151	1283	210	187	690	670	833	723	289	274	1225	219	882	546	295	134	265	266	219	259	203	517	241	261	372	71	134	191	86	70	372	79	36	118
p__candidate division LCP-89	0	11	2	3	1	2	18	0	0	2	24	6	3	1	0	3	4	3	3	2	0	4	0	4	1	0	4	7	0	1	1	0	2	4	0	5	5	3	2	0	0	0	2	2	1	0	5	9	1	0	0	0	3	0	0	0	0	1	0	3	6	8
p__Ciliophora	145	386	497	37	310	7	30	141	0	60	179	68	16	62	2628	598	136	720	487	1522	125	1860	1162	345	856	538	116	651	1045	272	256	2728	2717	1972	777	3967	266	833	339	280	608	650	267	483	2614	812	6903	387	1045	416	184	194	150	581	468	669	110	5608	921	1111	837	1072
p__Candidatus Undinarchaeota	0	0	0	0	1	0	3	2	0	4	0	2	0	0	0	2	0	0	2	0	1	2	1	0	0	1	1	3	0	0	0	0	1	5	0	2	0	0	0	0	0	0	0	0	1	2	0	2	0	0	0	0	1	1	0	0	0	2	1	0	0	5
p__Candidatus Helarchaeota	10	58	16	6	26	0	45	1	0	4	14	42	15	75	3	3	1	2	8	193	0	5	0	15	17	22	8	29	11	2	2	4	7	7	4	7	3	6	0	0	11	5	1	1	26	8	15	19	8	2	2	11	21	4	0	1	116	164	2	0	25	4
p__Candidatus Shapirobacteria	3	16	66	6	62	0	12	4	0	9	25	16	21	37	0	2	5	4	5	19	0	9	1	13	16	4	3	11	5	0	0	0	9	16	4	8	0	8	0	2	0	3	0	4	11	6	11	16	6	1	0	1	8	2	92	303	23	34	2	2	4	5
p__Saleviricota	0	0	0	0	1	0	0	0	0	0	0	0	0	0	0	0	0	0	0	2	0	0	0	0	0	0	0	0	0	0	0	4	0	0	1	0	0	0	0	0	0	0	0	0	1	0	0	0	0	0	0	0	0	0	0	0	0	0	0	0	0	0
p__Candidatus Heimdallarchaeota	15	187	56	7	95	5	83	0	0	52	121	137	45	109	8	14	9	9	10	22	8	19	0	58	21	56	39	72	298	10	7	5	23	18	14	13	8	20	6	3	5	4	7	36	20	6	19	115	44	102	3	49	58	18	55	63	24	34	13	22	11	16
p__Phixviricota	0	1	6	1	2	0	0	0	0	1	0	3	0	0	1	3	7	4	0	2	0	4	3	8	2	0	3	2	2	0	0	0	0	2	0	2	0	0	0	2	1	1	2	5	1	0	0	0	1	1	0	0	1	3	0	5	0	1	0	0	5	5
p__Candidatus Absconditabacteria	0	7	4	0	2	2	0	2	0	3	7	0	0	3	0	2	0	0	7	2	1	6	0	2	0	1	3	6	0	0	0	1	4	15	4	8	1	0	0	0	2	0	0	3	2	1	3	5	0	1	0	3	0	3	0	0	0	0	0	5	1	1
p__Rotifera	135	431	611	66	419	33	109	234	0	72	256	386	112	265	252	1210	196	696	941	400	321	3037	377	1481	2138	712	340	369	332	371	258	495	1332	587	917	642	209	339	384	483	326	288	262	299	111783	842	843	572	450	252	156	203	364	671	418	771	85	118	487	1048	1254	1961
p__Candidatus Micrarchaeota	30	362	106	22	106	16	129	0	1	51	145	282	29	172	23	15	12	23	32	174	10	15	6	27	27	65	42	68	15	16	15	10	32	33	33	38	20	30	11	13	23	6	11	13	48	40	28	104	31	24	2	26	39	32	37	40	263	192	13	30	23	28
p__Candidatus Nealsonbacteria	8	69	26	0	18	0	14	0	0	18	40	18	23	16	1	11	0	4	2	1	2	5	4	31	3	14	10	54	0	0	1	4	9	10	9	7	0	6	3	1	0	3	2	0	7	5	22	46	9	0	2	6	6	11	33	91	2	2	6	5	29	24
p__Chlorobi	76	659	294	24	376	26	224	54	2	135	448	254	78	251	91	145	212	82	107	144	46	188	34	390	556	296	109	243	62	14	36	135	143	118	75	160	28	52	17	19	40	37	39	993	118	94	172	444	124	42	8	48	126	150	192	443	39	67	142	238	547	603
p__Rhodophyta	43	486	191	18	146	9	116	28	0	35	142	137	58	224	97	245	137	149	132	61	43	124	262	184	116	119	56	110	150	214	46	31	262	169	109	148	77	70	187	74	129	122	84	64	123	107	150	185	133	102	49	66	76	79	115	238	61	46	84	59	162	137
p__Candidatus Wildermuthbacteria	5	35	4	0	0	0	2	0	0	2	4	0	1	2	1	2	2	0	2	1	0	1	0	0	0	6	7	11	0	0	0	0	3	2	0	2	0	0	0	2	0	0	0	0	0	1	4	0	0	0	0	0	6	0	4	19	0	0	18	0	7	0
p__candidate division KD3-62	4	18	10	0	1	3	7	0	0	1	18	5	1	0	0	2	1	2	3	2	0	3	2	2	0	0	1	8	5	0	0	0	5	6	2	4	1	2	1	2	1	0	1	1	5	2	4	7	3	0	0	4	6	2	14	6	2	4	3	0	0	0
p__Cyanobacteria	3829	35831	22373	897	30535	1098	15576	6090	538	7213	25419	30951	10472	212378	5835	8529	6505	34124	36002	12629	1680	47085	3301	99227	24345	28575	20932	7125	11017	3668	14184	5958	12522	14190	6956	18856	2590	11252	10244	8529	1934	16791	52331	6531	25697	42837	115920	65055	18109	2037	1400	3062	8874	18171	74130	39651	5918	5629	16169	16552	112741	27846
p__Candidatus Nomurabacteria	5	72	16	2	5	2	8	4	0	34	111	23	1	9	4	0	9	1	10	2	2	12	1	33	8	15	8	16	9	1	1	4	7	7	10	7	1	1	1	1	2	2	3	5	8	4	12	28	9	0	2	7	5	6	6	5	2	0	2	25	57	36
p__Caldiserica	5	106	62	13	59	0	8	7	0	8	43	99	17	18	11	9	11	1	7	3	4	11	2	6	1	29	45	44	32	0	7	0	9	13	3	4	10	3	2	0	9	3	2	5	11	4	19	21	6	8	3	11	25	16	56	55	9	0	2	13	15	19
p__Candidatus Falkowbacteria	1	19	40	1	7	0	7	8	0	9	56	8	4	20	9	4	4	8	3	2	10	14	4	16	18	49	9	26	37	3	6	6	24	22	6	28	2	3	8	2	2	6	2	8	9	14	18	20	6	9	4	7	13	17	13	14	1	4	13	15	58	16
p__Fusobacteria	54	176	82	92	199	13	62	386	2	35	172	199	43	41	133	78	42	46	631	106	199	134	34	500	192	362	455	1153	1310	30	22	50	105	12328	80	53	176	14	12	15	377	18	42	466	45	61	58	171	43	211	57	431	917	622	45	56	18	47	245	303	151	376
p__Tardigrada	3	37	10	4	5	4	7	1	0	6	15	17	5	13	7	29	6	14	100	39	5	31	13	21	9	2	3	5	34	53	13	16	59	38	24	22	20	8	31	20	39	16	29	14	120	108	46	15	14	20	13	12	6	1	16	34	7	4	12	22	5	29
p__Candidatus Lindowbacteria	8	58	32	2	63	0	10	0	0	21	68	37	16	11	6	7	8	2	2	1	5	15	1	15	15	10	4	17	43	2	2	9	19	22	10	9	9	4	2	3	9	0	2	18	6	11	21	35	15	0	1	14	11	1	11	11	0	0	6	18	24	11
p__Platyhelminthes	33	84	113	59	51	9	54	94	0	13	79	51	22	59	335	168	274	224	562	252	60	682	397	141	77	197	46	157	195	272	104	72	997	836	347	499	170	256	333	107	183	148	102	99	561	477	286	117	150	307	99	92	96	163	130	232	303	472	91	42	62	92
p__Hofneiviricota	2	11	0	0	0	0	1	6	0	0	0	0	0	0	0	0	0	0	2	0	0	0	0	6	0	0	2	0	0	0	2	0	0	1	0	0	0	0	0	0	0	0	0	0	0	0	0	0	0	0	0	0	1	0	0	0	0	0	0	0	190	0
p__Bryozoa	6	5	19	3	6	0	23	0	0	0	6	21	15	24	4	6	0	9	33	8	0	14	11	4	0	4	0	6	2	4	5	1	21	11	13	11	7	12	5	4	4	6	10	2	19	73	25	13	10	10	1	4	4	5	3	15	4	7	8	2	0	1
p__Candidatus Marinimicrobia	57	661	259	15	275	14	132	33	5	109	357	342	149	224	133	115	101	55	81	30	65	92	25	405	395	216	258	347	234	25	37	53	112	130	58	141	47	28	24	33	90	32	32	95	80	66	132	365	99	49	9	66	174	476	66	107	39	27	44	161	286	309
p__Candidatus Lokiarchaeota	12	297	126	15	109	14	117	12	0	200	629	273	31	241	35	41	12	18	43	135	18	50	6	122	49	72	79	127	105	17	13	20	55	54	45	48	45	29	8	6	58	28	37	89	49	56	49	81	30	98	7	84	96	47	41	40	240	145	19	42	153	82
p__Candidatus Abawacabacteria	2	18	16	1	1	2	1	0	0	2	11	3	0	0	1	3	2	0	3	0	0	2	0	4	0	8	1	0	1	0	1	0	0	3	0	7	0	0	0	0	0	0	0	2	0	2	4	1	0	2	2	3	2	2	0	0	0	0	2	4	0	3
p__Candidatus Jacksonbacteria	0	0	0	0	0	0	2	0	0	0	0	0	1	0	0	0	0	0	0	0	0	0	0	0	0	0	0	0	0	2	0	0	0	1	0	0	0	0	0	0	0	0	0	0	0	0	0	0	0	0	0	0	0	0	2	0	0	0	0	0	0	0
p__Candidatus Schekmanbacteria	5	26	63	6	18	11	21	1	0	6	23	19	7	15	3	9	5	8	13	11	10	12	3	42	5	18	12	28	17	4	6	1	14	14	15	28	6	5	0	6	8	8	3	0	13	11	17	104	12	3	0	13	14	11	4	14	9	13	1	29	12	17
p__candidate division CPR1	0	0	11	0	11	0	1	0	0	0	1	13	0	2	0	2	0	0	2	0	2	2	0	0	6	0	0	2	0	1	3	0	3	1	0	2	3	0	0	0	5	2	0	3	0	0	9	2	1	0	0	2	0	1	1	4	1	0	1	3	13	14
p__Olpidiomycota	15	142	42	1	56	3	2	10	1	13	48	10	16	13	7	51	15	199	91	21	20	24	131	63	45	12	7	37	34	130	23	13	85	82	131	137	38	57	165	84	88	73	30	37	49	28	43	76	53	63	43	34	38	7	28	42	5	3	57	12	4	15
p__Candidatus Korarchaeota	15	77	48	27	92	2	240	1	0	22	75	80	41	92	0	11	14	22	20	158	0	13	6	30	32	52	31	40	6	1	9	17	11	11	21	26	6	128	0	14	5	4	2	8	17	21	14	85	25	2	2	13	42	31	5	13	140	218	0	16	18	20
p__Chlamydiae	159	629	316	40	987	11	215	78	1	96	356	617	179	188	662	1115	1098	178	333	237	85	722	217	405	360	250	1338	447	1566	139	246	152	866	699	658	351	236	228	133	202	97	125	154	175	290	306	544	517	242	340	32	194	450	232	422	804	143	198	159	144	279	257
p__Verrucomicrobia	1588	11861	8686	443	5281	349	2450	955	28	2125	6986	5709	1762	3574	3659	7222	5298	4784	6628	2063	906	13902	2440	5043	6316	5868	2551	4221	4255	1501	5486	3462	8754	12048	4846	13064	1911	1733	1536	1971	1274	3829	2310	2710	8582	6945	13607	8525	3860	1243	820	2224	2891	6209	5090	10263	1173	1873	3086	3592	8347	5868
p__Candidatus Kuenenbacteria	1	12	16	0	21	4	0	2	0	28	57	10	5	0	4	4	13	2	3	1	0	3	25	4	1	9	16	3	1	0	0	2	1	5	2	1	0	2	0	2	0	2	3	23	3	6	3	3	1	0	3	4	0	2	3	0	0	0	0	3	6	2
p__Candidatus Huberarchaea	0	0	0	0	0	0	0	0	0	0	0	0	0	0	0	0	0	0	0	0	0	0	0	0	0	0	0	0	0	0	0	0	0	0	0	1	0	0	0	0	0	0	0	0	1	0	0	0	0	0	0	0	0	0	0	0	0	0	0	0	0	0
p__Candidatus Hydrothermarchaeota	0	0	0	0	3	0	3	0	0	0	0	0	0	4	0	0	0	2	0	0	0	0	2	13	1	0	1	2	1	0	0	0	1	1	2	0	15	0	0	0	0	0	0	42	0	0	0	10	7	0	0	28	10	3	0	0	0	1	0	0	0	0
p__Candidatus Buchananbacteria	0	21	8	1	50	3	6	2	0	0	12	37	16	6	2	2	2	2	1	0	0	9	0	8	7	7	3	2	1	1	0	0	3	9	4	3	0	1	0	2	0	0	2	2	7	2	9	11	6	2	0	6	3	8	37	50	0	0	0	8	5	16
p__Cercozoa	22	33	43	9	27	2	12	8	0	8	24	55	8	18	24	961	36	49	41	47	5	52	27	38	52	6	16	26	73	23	10	18	947	77	58	104	26	36	22	25	18	30	76	18	35	35	64	37	27	26	7	26	36	11	71	216	20	23	30	15	27	23
p__Evosea	21	122	392	21	90	3	23	66	0	30	86	70	10	28	121	820	87	731	629	266	69	1139	464	309	1022	339	212	200	22277	278	104	78	891	466	315	1437	124	323	275	121	234	210	153	65	1374	984	1746	250	281	163	80	85	209	6957	203	325	311	164	436	178	487	457
p__Actinomycetota	1580219	5022210	3085524	576047	2865196	140930	946831	36229	9725	909760	3278565	2783508	772636	1068667	418964	267241	350466	119916	249418	71322	156810	377996	1367358	661589	337585	547032	398549	457418	620125	68144	39233	52251	303822	204934	705129	234218	998814	36515	263260	307758	392132	36801	59786	192583	117884	92564	204597	1453230	479081	17198	36679	238536	324664	212301	946877	2324587	32948	44835	97214	68444	121079	125811
p__Candidatus Margulisbacteria	5	83	174	3	63	4	31	11	0	39	64	38	29	95	16	44	30	41	16	35	18	28	52	99	52	43	36	58	81	0	10	16	41	39	15	29	25	10	15	11	88	14	8	25	30	8	33	77	36	50	14	36	85	31	21	42	11	25	31	17	46	61
p__Chlorophyta	281	1869	803	103	962	46	412	198	4	289	977	996	382	626	445	1272	495	945	1296	646	173	771	831	611	747	1079	516	774	1107	1094	698	415	1435	1410	687	956	354	374	896	396	596	588	405	329	629	533	924	1049	570	467	335	361	573	750	932	1489	208	199	406	535	811	1123
p__Tenericutes	122	434	156	28	179	8	93	400	2	197	694	179	79	158	336	237	47	45	139	164	545	73	75	1015	349	1075	1349	2535	3375	68	45	36	244	205	185	135	260	19	77	34	660	30	61	349	1489	72	216	159	112	573	73	514	1200	629	180	451	70	39	80	297	287	5594
p__Candidatus Gottesmanbacteria	9	63	147	0	56	2	28	2	0	22	44	154	5	20	9	9	19	7	14	7	5	26	11	16	13	7	12	49	23	7	7	7	22	35	15	62	5	11	4	13	2	6	16	11	15	9	35	33	6	11	1	4	13	3	17	47	7	4	21	8	8	22
p__Candidatus Woesebacteria	34	105	201	16	52	2	26	5	0	15	63	95	21	28	69	7	80	12	26	13	9	32	6	23	6	11	26	43	29	3	1	36	34	42	14	36	18	9	1	7	35	12	3	10	21	25	34	46	15	4	0	39	38	51	24	18	18	27	4	26	35	19
p__Candidatus Cryosericota	9	52	57	4	40	7	35	4	0	13	44	25	21	40	5	0	5	8	5	2	0	6	6	10	17	64	11	8	8	2	2	5	9	17	5	24	4	3	2	2	2	4	1	2	11	4	17	28	11	11	0	20	24	48	20	21	3	4	10	14	8	37
p__Chordata	48884	1484	7719	10584	1568	146	1091	40843	25	296	876	3525	2445	1531	4192	2614	4586	5322	55407	24394	1428	6770	2034	1490	2675	1836	1431	1671	2730	7480	2815	4226	3482	25162	2029	3650	3313	2523	2253	2740	3192	3231	18124	2333	8383	6779	4028	7474	6354	3223	1790	1556	2435	1594	2218	3157	1270	2423	3190	4188	3455	4429
p__Candidatus Firestonebacteria	1	9	32	0	11	0	3	0	0	0	9	32	8	2	1	3	2	2	9	3	1	3	2	21	3	15	9	6	6	2	4	12	16	3	2	17	0	0	4	1	27	2	2	2	2	6	1	5	2	33	2	9	23	2	5	2	1	0	0	8	4	3
p__Ignavibacteriae	165	995	583	50	509	24	197	157	5	212	770	480	270	482	151	209	151	138	210	154	210	352	57	1254	1899	478	867	435	394	35	111	211	319	319	135	295	97	128	47	121	73	70	97	155	294	163	438	934	180	206	32	141	442	182	490	1511	105	153	132	430	1004	1402
p__Candidatus Nanohaloarchaeota	4	25	7	41	4	0	68	0	2	5	3	8	15	53	0	3	0	1	7	44	5	1	1	8	0	0	8	6	0	0	0	0	8	0	20	0	0	1	0	0	0	1	0	0	26	12	0	3	3	0	2	0	2	0	0	0	117	183	0	0	9	4
p__Rhodothermaeota	79	932	207	14	224	12	522	616	3	108	282	584	494	3945	206	705	356	124	122	124	16	300	99	1796	539	167	114	372	78	33	51	26	79	108	38	132	24	43	43	20	41	60	42	34	139	49	139	11864	438	41	14	24	53	23	168	303	88	76	642	1410	12048	2960
p__Mucoromycota	116	407	269	169	482	16	141	367	2	81	231	271	179	172	1169	5650	877	5429	2974	1047	1329	2175	4171	4784	816	1989	3614	4552	4455	9818	5273	546	9226	16898	6323	3747	10620	1778	7837	3921	7416	6673	11171	4112	2488	1206	1454	2575	1918	26599	9279	9296	5353	2032	6637	1206	1275	389	2499	275	704	439
p__Mollusca	70	145	193	43	149	39	95	124	0	40	154	145	56	105	187	757	195	433	1100	465	83	265	360	298	454	542	257	259	143	260	115	244	575	480	299	419	187	376	186	191	199	190	180	318	804	1296	730	237	289	386	244	142	141	686	123	374	77	67	111	192	311	585
p__Candidatus Staskawiczbacteria	0	0	15	0	5	6	0	3	0	24	60	4	1	2	2	5	2	0	1	0	0	11	1	16	72	1	0	25	2	0	3	0	11	11	2	11	3	1	0	2	0	1	3	0	5	4	9	6	0	1	0	5	4	2	2	4	0	0	1	1	3	4
p__Xenacoelomorpha	0	0	0	0	0	0	0	0	0	0	0	0	0	0	0	1	0	0	3	0	0	0	0	0	0	0	0	0	0	0	0	0	0	0	0	1	0	0	0	0	0	0	0	0	0	0	0	0	0	0	0	0	0	0	0	2	0	0	4	0	0	0
p__Candidatus Portnoybacteria	0	8	7	1	4	0	9	1	0	1	6	2	0	23	1	6	1	0	3	3	14	2	4	10	2	6	0	9	3	0	1	0	2	9	2	5	0	1	2	1	0	0	5	2	4	1	5	9	2	0	0	4	2	0	6	3	3	0	0	5	6	5
p__Candidatus Sumerlaeota	88	516	619	14	317	10	159	26	1	78	360	246	126	268	184	353	291	83	96	73	38	228	130	151	289	134	84	134	129	17	40	88	178	197	85	213	75	39	38	52	44	48	62	100	117	83	194	359	89	24	24	85	133	116	75	93	24	29	103	162	295	234
p__Bacillota	20918	105312	59339	44829	174192	2497	37276	42168	426	19261	66655	70422	25387	35397	326389	230102	26286	24463	75537	50888	499082	38337	52273	1654846	294955	1562918	1590769	2815304	3339142	40698	46580	19337	202677	62515	183345	35975	1200529	14747	22135	17764	709478	8861	14515	2048791	21127	17515	25460	73063	23837	2211931	125449	1984715	4258395	2530181	40443	100052	13091	22165	53872	448180	235846	367111
p__candidate division CPR3	7	47	18	3	11	3	14	1	0	6	20	61	1	11	4	3	4	2	7	2	4	11	3	12	2	5	5	17	7	2	2	2	3	5	2	0	9	2	0	0	0	2	1	3	3	3	12	8	2	4	1	4	19	4	7	3	1	2	0	4	9	27
p__Chrysiogenetes	8	21	39	1	26	1	13	3	0	14	31	15	3	21	13	20	14	7	12	8	9	15	11	25	36	15	20	72	71	2	7	11	10	21	13	17	5	5	2	10	1	3	2	6	15	12	16	36	8	26	0	10	11	7	16	22	0	2	30	26	32	26
p__Candidatus Woykebacteria	3	30	44	0	20	0	19	2	0	3	28	24	5	48	1	9	9	3	0	2	0	11	1	2	0	13	8	148	41	2	3	4	8	15	2	11	1	0	5	0	0	2	1	2	3	6	4	18	5	50	2	7	11	15	4	11	2	0	4	0	2	4
p__Candidatus Azambacteria	2	7	13	1	3	2	1	0	0	6	6	13	15	4	0	7	0	0	8	1	0	1	3	8	3	1	3	6	2	1	2	0	4	3	6	6	1	5	2	0	0	1	0	2	2	0	1	17	2	0	2	6	4	0	8	6	2	6	0	0	4	8
p__Candidatus Wirthbacteria	0	12	42	0	5	2	3	0	0	9	46	2	1	2	5	2	3	3	7	0	2	4	0	5	6	2	4	17	67	0	0	1	9	5	0	10	2	0	0	0	6	0	3	4	10	4	7	1	0	2	0	1	7	1	2	11	0	0	3	2	0	5
p__Candidatus Eremiobacterota	193	572	1385	15	898	10	72	4	5	59	307	275	194	76	37	112	50	126	312	74	56	168	30	57	26	81	37	88	73	15	265	38	1209	1512	839	1922	190	216	95	108	28	113	96	53	206	110	269	632	213	24	16	99	146	72	602	1441	4	58	33	40	29	18
p__Nitrospinae	170	1062	519	66	652	16	199	27	1	159	805	682	258	413	75	102	106	55	86	34	10	116	69	150	78	191	180	276	51	20	49	197	157	122	120	160	38	220	44	94	84	49	33	112	84	76	142	422	149	34	16	96	149	62	253	578	109	149	31	84	115	183
p__Fornicata	5	4	6	33	5	1	45	16	0	1	12	1	2	10	20	35	38	141	111	185	9	23	28	49	49	39	29	7	10	13	9	13	55	40	83	80	23	73	10	25	15	11	11	7	82	37	28	49	23	40	32	29	58	31	41	41	149	211	31	22	9	12
p__Candidatus Edwardsbacteria	0	9	5	0	39	1	0	0	0	0	3	12	5	7	4	3	2	4	5	6	0	0	2	10	8	0	2	4	3	2	3	0	7	5	4	5	0	2	2	0	2	0	0	0	3	2	7	16	3	1	4	2	6	1	11	16	12	11	2	8	9	6
p__Candidatus Saccharibacteria	344	736	1650	107	183	21	187	355	9	153	525	91	134	224	304	2779	745	307	3180	233	80	2210	413	574	586	214	178	7659	546	76	221	217	444	5843	295	521	98	125	108	181	105	287	198	117	507	339	623	416	200	115	63	131	133	80	205	205	58	100	182	188	155	189
p__Dictyoglomi	3	31	25	0	13	4	6	0	0	3	6	78	2	5	21	10	6	0	15	6	17	7	2	25	10	31	11	124	234	2	1	3	12	6	1	8	5	0	0	0	27	3	4	20	4	5	6	9	5	5	8	12	29	22	2	3	1	11	0	14	19	14
p__Heterolobosea	4	7	196	4	12	4	19	1	1	2	6	11	4	8	18	123	79	32	82	47	27	104	50	43	22	7	29	59	25	34	15	36	192	109	43	99	26	66	35	10	45	18	36	12	33	44	93	14	27	18	9	21	26	26	30	87	9	19	26	42	36	24
p__Bacteroidota	5317	27061	13644	2188	23679	786	9527	144686	135	15528	29649	12999	10085	62202	19958	40526	16955	22739	42242	12766	251421	79138	10113	1194725	1754093	38036	90824	41638	19310	4412	10407	188158	13350	38140	10168	54464	7688	8529	4285	10291	7281	14644	8134	11817	47246	24187	50195	129049	21253	8407	5068	6896	44682	32700	11497	23686	9125	11828	21089	670980	800206	1775482
p__Candidatus Komeilibacteria	5	45	9	0	4	0	23	2	0	0	8	48	4	18	0	4	1	5	6	1	2	2	0	17	2	2	2	0	3	0	7	4	3	2	2	4	2	1	0	0	0	2	2	3	4	2	5	3	0	0	0	1	2	0	2	7	0	0	0	0	0	8
p__Placozoa	0	11	4	0	2	2	0	2	0	5	17	10	0	5	1	16	2	22	44	18	1	17	18	12	10	77	3	4	6	1	3	10	20	12	107	22	11	13	2	2	10	9	8	11	16	32	24	15	9	5	4	5	23	97	4	10	1	1	3	0	3	4
p__Candidatus Sungbacteria	0	4	8	0	1	0	2	0	0	3	6	0	0	3	0	4	0	2	2	0	0	4	2	5	9	19	31	13	0	0	1	1	3	6	1	2	2	1	0	0	0	0	3	4	2	1	9	3	0	0	0	0	4	5	5	0	1	0	0	1	0	2
p__Candidatus Melainabacteria	57	476	480	19	338	20	111	27	5	81	253	325	88	141	83	165	95	136	121	51	30	302	49	170	156	126	105	184	154	30	95	83	371	342	129	249	75	63	36	75	51	75	62	112	167	164	382	313	141	21	8	85	175	426	267	509	55	58	82	76	124	159
p__Candidatus Geothermarchaeota	3	118	50	0	37	3	17	0	0	30	82	191	8	27	0	0	0	0	0	2	0	2	0	5	10	0	5	1	4	0	1	0	0	3	0	1	0	1	0	0	0	0	1	0	0	0	2	18	3	1	0	0	1	2	62	102	2	8	2	2	3	0
p__Candidatus Poribacteria	177	1580	1123	66	617	44	505	31	2	207	847	980	257	557	59	128	122	113	155	247	23	198	133	217	83	269	145	240	115	24	74	38	319	274	195	392	110	151	26	46	22	55	67	121	164	95	270	810	164	18	30	91	235	168	451	1214	171	208	65	155	347	160
p__Candidatus Verstraetearchaeota	4	19	49	28	16	4	18	0	1	35	62	17	15	21	21	16	72	8	9	10	3	2	2	11	15	15	7	21	6	2	2	1	5	11	22	26	3	21	1	2	22	7	3	2	14	9	4	23	8	11	9	4	10	1	30	26	14	22	3	0	3	22
p__Cossaviricota	2	0	2	2	0	0	0	4	0	0	0	0	0	0	0	0	2	0	20	2	0	8	8	142	2	1	0	0	0	0	2	0	2	11	3	8	0	2	1	8	2	2	2	0	4	38	2	10	0	16	26	2	0	0	8	7	2	0	2	0	0	0
p__Candidatus Cloacimonetes	104	1481	280	5	182	126	222	35	6	441	1341	261	85	213	80	389	193	112	134	70	54	209	117	229	283	134	121	848	320	32	49	82	145	256	61	167	43	28	30	70	94	51	56	129	180	157	209	454	106	68	18	81	120	86	318	925	28	27	85	118	253	294
p__Candidatus Eisenbacteria	81	1005	674	18	346	15	119	31	1	114	356	289	110	254	104	320	119	66	152	29	17	190	178	108	253	448	95	152	106	27	59	82	223	246	104	274	47	54	30	71	39	75	68	226	167	121	297	294	153	16	16	66	91	470	247	634	13	41	158	192	194	229
p__Balneolota	53	429	146	37	434	48	476	290	9	96	384	671	388	1878	169	306	214	76	102	114	108	214	44	1691	1507	371	278	326	99	31	63	81	81	70	81	106	55	64	26	26	94	29	33	125	110	82	106	3603	200	7	12	97	207	136	376	1077	82	141	231	597	4772	1778
p__Euryarchaeota	24589	16283	8540	593184	609575	768	2521403	15410	14529	2748	10222	701344	362520	2161926	1263	2235	1373	126168	397298	2845022	7290	46924	1268	61274	9177	32055	68706	60819	22355	17678	12078	1151	4768	3283	545175	21863	68203	2063641	987	626	837	1282	885	1640	514283	269557	2556	594936	216977	3353	5813	15376	107680	2054	11841	15216	3681300	4823330	5757	5620	126324	35808
p__Arthropoda	1538	3792	4449	3943	2257	2497	1343	3201	16	1782	3429	1952	853	1242	8347	11223	12469	14020	65278	88396	4919	22082	12289	12423	23530	18945	25163	7627	6556	5202	43980	11429	16369	17686	8102	12742	6971	41686	6647	10434	6362	7370	8196	22398	181692	205940	137543	10480	11955	10853	4674	4357	5247	13005	7662	33265	5256	4263	23277	15616	18908	24803
p__Candidatus Raymondbacteria	2	4	24	0	3	4	4	3	0	2	4	3	1	30	4	3	0	5	8	1	1	6	4	4	12	1	0	2	4	0	4	2	6	6	6	9	1	1	1	0	0	2	0	2	5	11	10	19	4	2	0	0	1	9	2	3	0	3	3	3	5	5
p__Candidatus Delongbacteria	2	8	8	2	3	1	1	2	0	8	42	6	7	1	1	2	0	0	3	1	6	3	0	4	5	6	3	15	9	0	2	10	3	3	1	6	0	0	2	1	0	0	1	10	2	4	10	12	2	0	0	0	1	1	0	0	0	0	0	0	10	9
p__Cryptomycota	2	1	11	5	2	2	14	5	0	1	0	5	0	1	10	61	13	114	91	28	20	22	142	70	80	24	8	15	23	197	19	18	100	80	91	48	42	34	124	35	112	68	35	8	51	30	42	28	36	64	36	28	35	39	9	10	7	4	43	28	6	16
p__Candidatus Zambryskibacteria	0	2	13	0	0	0	1	1	0	2	23	3	2	2	44	0	3	2	5	0	0	7	4	2	2	1	2	2	4	0	0	0	6	15	2	6	1	0	2	0	2	3	3	3	2	1	3	8	0	0	0	1	2	0	10	15	0	0	0	2	2	1
p__Microsporidia	1	3	30	2	4	0	13	16	0	2	3	7	4	43	9	41	4	90	112	35	9	210	93	27	202	34	49	45	29	124	103	31	593	497	156	664	76	94	70	135	71	73	25	15	107	71	73	55	48	103	172	41	40	48	22	20	8	9	42	65	40	47
p__Candidatus Roizmanbacteria	16	89	124	6	61	10	69	10	0	22	108	275	39	50	17	31	20	11	39	20	12	58	8	43	34	29	22	52	118	3	15	28	33	56	27	79	7	9	3	6	9	15	7	18	27	21	41	63	21	6	2	15	23	17	9	19	3	8	21	91	107	143
p__Porifera	4	3	17	1	11	2	2	11	0	0	4	13	3	4	20	108	19	34	65	16	3	193	52	27	11	7	11	30	16	41	18	44	344	281	121	155	57	42	56	23	62	65	18	35	107	116	88	41	44	73	48	20	19	9	131	195	10	1	17	13	9	4
p__Streptophyta	2360	6805	7295	1331	5044	283	1920	40858	81	1510	4932	3480	2000	2608	48186	37824	55546	60134	117282	9874	8744	105554	27170	51899	226250	114339	28413	40090	31179	22990	50767	77166	44045	83387	48006	103202	53287	28658	100006	74777	43353	82043	61612	279520	142594	71963	119394	44966	59888	44019	40116	28514	48977	143458	29508	36970	4424	25056	314057	354727	215144	452128
p__Candidatus Kryptonia	6	37	63	3	160	7	7	3	0	40	204	72	38	24	6	10	8	4	10	2	2	8	13	32	14	155	20	30	14	3	12	3	11	21	9	11	5	2	2	6	7	3	3	23	12	6	22	198	56	65	0	8	24	324	1	3	1	3	16	18	49	26
p__Priapulida	2	8	5	0	2	2	2	1	0	4	10	1	1	0	2	16	3	30	61	36	3	27	8	7	16	4	0	12	1	10	3	2	22	11	18	15	6	137	7	6	11	5	2	4	54	72	43	10	6	4	4	2	3	1	6	7	0	2	6	1	3	3
p__Candidatus Microgenomates	0	46	41	0	3	0	1	1	0	5	11	27	0	5	2	1	6	4	11	13	0	7	1	7	6	6	5	9	11	0	0	6	6	11	4	21	1	4	0	3	22	0	1	2	11	4	9	4	6	0	0	1	5	2	3	9	1	4	0	1	15	2
p__Coprothermobacterota	1	16	12	0	14	0	13	1	0	2	12	21	4	10	0	4	4	4	1	2	0	8	0	2	6	16	15	7	3	1	0	0	6	2	6	2	8	2	1	0	157	1	2	0	3	2	4	11	8	1	0	4	7	5	4	5	0	1	1	4	17	17
p__Gemmatimonadetes	3980	30056	82094	683	25193	5076	6021	733	81	5814	20377	18372	5541	8950	6026	21844	9120	6088	9555	2488	743	15780	3217	5292	4715	5467	3311	35851	7018	3133	4279	1739	9001	10081	6947	24579	1748	4748	6122	2638	1296	5336	6590	5412	10239	11300	23461	21272	9768	1115	1755	1789	2570	3330	12192	18713	1113	1934	2201	2592	7647	3921
p__Candidatus Wallbacteria	5	24	34	2	16	0	16	2	0	19	29	19	8	28	1	5	4	7	4	5	1	15	2	13	15	16	48	22	19	2	2	4	9	15	20	25	2	2	0	0	5	7	0	9	10	2	9	14	1	1	0	8	26	3	9	12	11	14	4	6	7	17
p__Fibrobacteres	8	212	235	14	142	9	44	21	0	44	111	113	30	74	28	88	47	84	102	22	20	133	27	140	256	167	132	232	117	7	14	41	95	96	40	78	36	20	16	20	28	39	36	21	112	82	116	63	54	26	24	33	107	217	83	193	15	15	49	66	182	178
p__candidate division Zixibacteria	105	1403	477	35	806	29	355	24	1	356	1070	730	219	423	60	95	81	67	79	171	15	115	47	257	275	177	223	231	158	23	50	87	174	169	112	191	91	88	29	32	72	37	25	176	142	95	176	589	150	116	28	101	249	161	446	993	160	283	71	189	270	178
p__Candidatus Giovannonibacteria	0	4	40	0	8	0	7	1	0	2	7	10	5	2	3	6	1	2	7	0	0	7	7	20	4	6	2	5	2	0	0	0	4	5	13	7	11	2	0	0	0	1	4	19	3	5	5	15	8	0	0	29	23	21	27	85	0	0	2	2	16	17
p__Abditibacteriota	22	346	79	1	262	59	247	35	1	73	285	1013	163	424	36	104	22	81	144	32	5	180	54	131	36	85	87	81	129	19	49	574	49	65	24	146	6	41	7	11	14	30	54	54	97	111	129	309	69	6	5	14	55	5	156	132	7	12	81	86	140	232
p__Pseudomonadota	58599	241143	608281	21891	159164	17465	61257	511209	796	56549	169180	135051	51127	73825	2338489	1961205	2718079	174678	274055	259026	177307	426225	842542	798398	4170472	3926097	2375479	808248	343747	68759	3032415	3931070	361871	388820	139761	418222	95215	72025	143424	2395160	89613	148150	1039390	1968988	263518	244511	464271	225068	144387	75785	499683	84405	167438	3072312	143616	185447	30376	118610	6821817	4457591	4557203	5097822
p__Candidatus Glassbacteria	1	15	36	0	44	5	3	0	0	3	15	12	3	7	3	8	6	5	8	1	1	3	2	9	15	4	2	18	6	4	12	16	8	19	2	12	6	4	10	1	0	9	6	7	9	9	15	10	5	0	1	3	0	7	25	107	0	1	2	7	13	3
p__Nebulidia	0	1	0	0	1	0	1	0	0	0	0	0	0	0	0	0	0	0	0	0	0	0	0	0	0	0	0	0	0	0	0	0	0	0	0	0	0	0	0	0	0	0	0	0	0	0	0	2	0	0	0	0	0	0	0	0	0	0	0	0	0	0
p__Euglenozoa	29	135	109	13	224	12	44	29	0	32	62	126	43	142	51	197	59	174	165	82	35	153	116	147	231	54	73	88	60	117	63	31	360	255	200	305	65	84	152	76	113	105	90	58	144	105	132	142	136	136	74	53	89	70	101	123	39	61	72	61	216	155
p__Candidatus Diapherotrites	3	23	29	1	18	1	24	1	0	4	36	18	6	84	3	5	8	5	9	10	4	9	0	14	5	34	13	9	6	4	0	2	11	7	7	13	5	3	2	0	2	4	0	2	10	8	13	32	2	0	0	2	21	7	44	46	7	8	0	4	21	2
p__Candidatus Veblenbacteria	0	0	2	0	2	0	0	0	0	2	0	0	0	0	0	0	0	0	0	0	0	0	0	0	0	0	0	0	0	0	0	0	0	0	0	1	0	0	0	0	0	0	0	0	0	0	0	0	0	0	0	0	0	0	0	0	0	0	0	0	0	0
p__Deferribacteres	12	217	45	4	39	13	48	13	0	43	185	101	7	46	29	14	12	9	11	13	14	20	10	85	57	77	102	40	17	10	48	23	11	32	16	11	17	11	0	3	40	5	7	47	15	13	16	43	20	64	0	48	89	46	12	24	10	8	23	47	130	95
p__Candidatus Beckwithbacteria	10	72	20	3	12	0	9	0	0	2	7	1	2	8	1	4	4	5	2	33	0	11	0	12	1	15	26	13	25	0	5	2	6	2	8	9	6	8	0	2	13	0	2	16	11	2	9	9	1	0	0	11	15	10	2	4	20	12	0	3	1	8
p__Thaumarchaeota	364	1710	3070	135	2378	42	671	95	19	283	1025	1372	573	916	289	622	352	1230	1052	487	62	5508	209	549	387	388	295	644	475	202	375	82	634	1146	446	1759	544	492	233	186	292	264	340	244	1296	740	2261	1525	538	395	172	373	517	138	565	839	373	480	237	192	385	277
p__Candidatus Aminicenantes	48	645	274	14	286	17	252	21	0	158	572	234	83	230	47	80	47	46	77	25	30	108	31	272	346	204	86	119	100	19	25	23	111	145	48	132	36	28	14	18	183	25	31	36	83	68	154	284	71	19	15	68	119	59	167	224	26	32	37	52	249	194
p__Uroviricota	468	760	1150	654	778	17	507	922	13	135	472	569	346	739	12284	571	892	342	889	864	894	1233	388	3094	4674	3133	1607	916	8539	156	32817	1701	381	1175	798	438	2534	681	176	194	469	201	280	485	425	377	503	1169	340	330	105	291	8955	1066	370	990	940	956	3780	6735	6954	3998
p__Candidatus Tectomicrobia	60	497	529	37	476	22	197	35	4	98	260	255	89	257	139	132	103	221	216	103	30	194	43	151	93	79	79	201	430	14	44	41	279	257	127	283	65	65	41	92	44	54	65	54	211	251	419	407	99	33	35	57	144	35	215	437	28	64	59	65	257	163
p__Candidatus Marsarchaeota	1	12	80	55	41	0	54	0	0	11	19	29	28	33	0	22	10	17	20	184	0	8	6	1	7	2	6	36	7	2	8	2	9	15	34	13	9	99	2	4	1	5	3	6	51	24	14	26	8	2	2	7	23	15	19	41	221	288	1	4	5	2
p__Candidatus Doudnabacteria	7	27	43	0	6	1	3	2	0	13	33	6	5	15	3	24	7	6	11	12	3	30	7	10	4	6	14	13	2	3	8	4	31	26	15	30	3	3	3	3	3	9	5	3	24	14	36	2	3	4	0	8	9	0	3	6	2	2	0	3	6	8
p__Candidatus Colwellbacteria	0	2	0	0	7	4	0	0	0	13	108	2	2	1	1	1	0	3	4	1	0	0	1	0	0	0	0	8	0	0	2	2	2	2	2	7	0	0	0	0	0	0	0	0	1	0	1	6	2	0	0	2	0	1	0	1	1	2	0	1	3	0
p__Candidatus Latescibacteria	73	795	616	31	315	17	466	12	5	90	322	670	169	495	46	77	90	58	114	118	25	129	65	167	210	179	91	152	191	14	51	48	147	158	95	159	52	58	22	18	28	28	19	108	82	65	205	347	112	49	15	84	132	213	252	452	113	133	70	61	179	113
p__Synergistetes	189	1309	520	82	765	33	278	35	3	281	775	505	272	388	179	197	164	78	128	135	97	131	83	555	346	504	390	630	481	27	54	80	110	189	125	140	188	121	48	108	226	45	36	452	116	60	148	494	155	236	57	336	555	319	168	202	130	183	76	192	315	338
p__Candidatus Calescamantes	0	3	3	3	6	1	0	0	0	9	32	3	0	2	1	0	2	3	0	0	0	1	8	5	7	5	2	1	2	16	0	0	3	0	0	1	2	0	4	0	5	4	0	18	0	4	0	6	1	0	0	0	1	0	1	0	1	6	51	42	26	43
p__Candidatus Peregrinibacteria	37	373	210	34	263	12	139	8	1	89	338	533	77	105	47	62	103	31	56	27	27	71	14	104	174	87	60	186	306	17	47	16	141	132	49	112	45	29	19	22	18	19	20	154	54	49	67	211	74	19	5	66	123	101	221	517	26	28	141	99	56	91
p__Aquificae	42	285	224	11	364	10	278	23	0	51	150	400	197	128	60	63	71	28	87	45	43	34	11	230	196	188	174	122	122	13	21	19	53	69	29	75	34	14	13	19	67	9	26	61	46	33	64	239	101	64	10	61	121	111	144	247	11	14	33	56	85	149
p__Annelida	11	29	25	4	32	13	16	8	0	13	58	26	28	31	55	66	76	93	184	98	5	48	54	66	70	24	46	101	159	81	30	16	145	126	86	52	111	103	101	135	92	80	68	46	126	194	100	86	32	92	44	62	36	18	45	85	16	7	37	35	36	24
p__Candidatus Harrisonbacteria	1	9	7	1	1	0	0	2	0	0	11	19	0	3	1	4	2	6	10	0	0	15	0	11	48	2	9	11	1	0	1	0	4	6	4	7	2	3	0	0	2	3	0	0	2	3	4	1	0	1	0	1	4	0	0	8	2	0	1	8	1	5
p__Candidatus Odinarchaeota	4	4	1	0	5	0	48	0	2	1	14	48	11	21	0	0	0	0	1	3	0	1	0	5	1	0	4	0	0	0	0	0	2	0	2	2	2	0	2	0	0	0	0	0	0	2	4	17	4	0	0	1	2	0	0	0	4	6	1	3	2	0
p__Candidatus Omnitrophica	128	1160	692	64	687	34	307	41	3	268	898	765	262	434	254	190	248	144	161	158	63	233	73	291	356	295	256	498	728	43	80	80	352	357	141	392	108	68	47	61	117	103	83	162	202	132	377	591	200	145	23	160	276	151	291	449	43	53	113	164	315	287
p__Nitrospirae	470	4389	3015	161	2248	84	1243	238	13	675	2769	2035	821	1732	722	1088	904	531	886	655	159	1508	331	983	1589	1302	845	1140	800	117	381	528	1174	1244	620	1758	326	295	193	477	232	336	377	964	1021	649	1999	2139	672	300	126	399	781	914	1331	2935	491	580	975	1011	1609	1555
p__Candidatus Terrybacteria	7	48	11	0	5	0	0	0	0	3	21	3	7	2	3	0	2	3	2	7	0	2	1	1	0	0	2	2	0	2	0	2	2	5	1	3	1	0	0	0	0	4	1	1	1	0	3	4	3	0	1	0	2	0	2	0	0	0	1	0	2	4
p__Candidatus Brockarchaeota	7	69	22	6	17	0	6	0	0	10	19	59	4	7	3	1	0	2	0	4	0	4	0	4	2	5	5	17	5	0	0	1	8	2	5	2	1	1	0	0	5	1	0	0	3	2	3	12	2	0	0	0	1	2	7	13	2	1	1	2	0	0
p__Peploviricota	0	0	1	1	0	0	0	0	0	0	3	1	0	0	0	0	0	0	4	1	0	3	3	0	0	0	1	1	0	1	0	1	0	0	0	10	0	9	8	0	1	2	0	0	0	5	0	7	1	0	2	1	2	0	0	1	1	0	1	0	1	1
p__Preaxostyla	1	2	4	1	1	0	0	2	0	16	50	2	0	0	8	23	7	45	30	14	5	27	22	17	1	6	9	12	9	33	28	12	82	84	80	31	60	19	38	36	58	41	24	13	75	44	74	21	19	49	52	24	14	3	4	7	4	4	12	2	8	0
p__Hemichordata	6	0	2	7	2	1	5	5	0	0	3	6	0	22	3	13	2	6	41	30	1	6	5	3	2	13	0	18	6	7	2	0	7	15	17	16	2	31	8	3	4	7	4	1	29	90	39	8	2	13	4	4	25	8	9	12	4	23	2	3	9	7
p__Candidatus Kaiserbacteria	22	121	57	0	6	6	8	7	0	11	38	20	7	44	17	22	19	18	39	9	2	71	11	78	201	19	43	27	12	2	12	29	24	52	8	36	6	1	2	3	18	12	5	2	20	19	45	46	18	1	6	8	11	14	19	28	4	1	15	6	85	44
p__Candidatus Woesearchaeota	82	507	296	28	938	22	317	28	6	112	437	555	220	436	185	79	97	59	118	145	22	108	48	133	126	454	129	198	149	28	34	50	122	115	79	141	34	144	36	31	46	36	26	49	127	79	134	424	145	39	39	67	220	437	229	627	225	253	47	77	168	155
p__Candidatus Auribacterota	19	16	17	0	57	0	2	1	0	1	8	20	19	3	2	3	3	3	2	2	3	3	0	6	4	23	8	16	5	2	0	2	5	4	5	5	0	3	0	2	0	2	1	2	1	3	9	23	4	2	0	6	9	4	14	24	0	2	1	2	0	2
p__Candidatus Magasanikbacteria	17	196	65	13	41	8	60	2	0	57	126	102	35	54	8	14	28	6	16	87	6	28	8	42	42	37	28	51	28	0	9	11	14	38	30	22	13	62	7	2	3	11	6	11	48	37	27	61	28	8	0	8	22	10	40	122	108	187	10	10	57	38
p__Atribacterota	47	488	236	31	210	19	176	19	1	71	283	174	67	178	23	21	26	25	23	63	13	41	2	135	65	104	106	195	41	6	18	1	31	48	44	49	44	29	10	7	31	4	7	216	43	30	48	175	51	55	6	63	117	48	59	82	118	92	46	74	120	97
p__Candidatus Taylorbacteria	7	33	21	1	11	0	1	2	0	0	19	8	3	1	3	5	3	12	9	1	0	10	1	3	4	4	0	4	3	1	1	4	6	13	0	11	1	4	0	2	0	1	0	6	12	12	7	7	6	1	0	0	1	4	24	57	0	7	5	4	7	7
p__Duplornaviricota	0	0	0	0	0	0	0	0	0	0	0	0	0	0	0	0	0	0	0	0	0	0	0	0	0	13	3	0	0	0	0	0	0	2	0	4	0	0	1	0	6	3	1	0	0	2	3	0	0	0	0	0	0	0	2	11	0	0	0	0	1	0
p__Candidatus Bathyarchaeota	263	1497	1003	191	729	49	916	47	3	324	897	1008	291	1044	111	375	156	644	565	705	130	643	264	418	230	343	353	567	498	695	574	53	1024	1087	1479	739	1127	869	797	645	946	1116	922	402	716	348	452	892	523	1537	606	532	477	195	705	1111	838	1124	210	108	263	220
p__Candidatus Brennerbacteria	0	16	0	0	0	0	3	0	0	0	11	0	2	41	0	0	0	0	0	0	0	2	0	2	0	2	0	0	0	0	1	0	0	1	0	0	0	0	1	0	0	0	0	0	0	0	2	13	4	0	0	0	0	1	0	0	0	0	0	0	0	0
p__Thermodesulfobacteria	6	37	142	15	110	2	173	12	0	47	170	117	47	121	24	35	40	24	33	105	3	33	13	41	85	61	51	39	30	5	12	22	39	34	48	52	17	74	10	12	3	17	46	42	38	20	35	113	23	18	10	21	36	32	35	47	105	141	28	50	74	38
p__Blastocladiomycota	5	21	28	4	3	2	11	16	0	6	24	8	10	21	16	42	14	229	120	47	23	33	175	76	28	13	15	29	54	149	26	2	80	46	108	114	42	58	148	20	113	66	31	26	49	41	35	54	32	50	38	62	70	41	25	41	11	36	68	14	26	27
p__Cressdnaviricota	1	0	0	0	0	0	0	0	0	0	0	0	0	0	0	1	2	0	5	0	0	1	1	0	0	0	6	1	0	0	0	0	0	0	0	6	0	0	0	6	0	1	2	4	8	1	2	0	0	0	0	1	0	0	0	0	0	2	0	0	0	0
p__candidate division WWE3	21	187	134	13	130	5	49	9	0	45	143	202	63	70	71	32	36	12	21	23	18	34	16	35	28	73	22	179	317	5	12	13	42	31	13	20	10	3	2	2	15	7	13	50	19	12	29	125	42	9	5	34	65	7	38	54	6	3	9	15	32	84
p__Candidatus Cerribacteria	0	6	7	0	0	1	0	0	0	0	5	0	0	0	0	0	1	0	1	1	0	1	3	0	11	0	0	2	0	0	1	0	2	3	0	6	0	0	1	1	2	0	0	0	1	3	0	0	0	0	0	0	2	0	3	2	0	0	0	3	2	3
p__Candidatus Liptonbacteria	2	45	5	0	5	2	0	2	0	16	57	9	0	0	3	4	5	1	1	0	3	4	2	5	14	2	0	17	46	0	0	0	4	3	2	6	0	2	2	0	0	0	1	3	6	1	2	1	3	0	0	0	0	3	0	3	0	0	0	2	0	1
p__Candidatus Goldbacteria	0	3	4	0	2	0	0	0	0	0	1	3	0	0	2	3	2	4	0	0	0	3	0	4	0	2	2	2	1	2	0	0	3	0	0	1	2	0	0	0	4	0	0	0	1	0	0	0	2	0	0	2	3	5	8	6	0	0	1	0	0	1
p__Candidatus Dormibacteraeota	410	1464	4212	226	587	32	141	11	1	361	1117	884	124	212	34	58	36	101	129	56	6	192	26	40	50	102	74	77	41	27	40	24	205	239	116	382	75	52	34	21	43	38	25	82	115	124	319	382	172	11	7	69	73	19	573	1381	27	38	48	23	57	23
p__Negarnaviricota	0	1	2	0	0	0	0	0	0	0	0	0	0	0	0	2	3	6	1	0	0	0	0	1	1	2	0	0	1	0	3	0	0	0	1	3	0	2	0	0	0	0	0	0	2	20	16	0	0	0	0	1	1	0	0	9	0	0	0	1	0	0
p__Tubulinea	2	12	40	0	13	1	8	9	0	3	7	9	0	4	6	81	17	59	54	35	2	69	26	11	22	6	3	20	40	14	8	11	117	73	35	92	14	27	16	61	7	14	8	11	60	40	126	14	33	22	4	7	11	8	13	36	13	12	21	3	7	17
p__Candidatus Hydrothermae	5	60	22	1	19	0	69	2	0	10	26	33	4	14	1	1	7	1	2	0	1	4	1	8	0	8	5	12	0	1	1	2	14	2	2	13	0	4	0	0	1	1	1	2	4	0	7	12	6	2	0	5	8	1	20	71	3	3	0	4	5	10
p__Candidatus Yonathbacteria	0	2	6	0	0	0	0	0	0	0	2	2	0	9	0	2	1	1	3	0	0	2	0	1	0	0	0	3	0	0	0	0	3	0	0	0	0	0	0	0	0	2	1	1	7	0	2	0	0	0	0	0	1	0	4	2	0	0	0	1	2	0
p__Candidatus Blackburnbacteria	4	23	28	0	11	0	2	0	0	3	1	10	4	0	2	0	2	4	2	0	0	0	0	0	1	8	12	2	1	0	0	4	0	3	0	7	1	0	0	0	0	2	0	0	0	1	0	12	5	0	0	0	2	0	4	27	2	0	0	0	0	1
p__Nematoda	980	1566	1879	282	601	98	199	2622	7	384	1201	571	168	298	22098	48834	22815	1284	3174	1165	1611	3503	15401	9122	20680	14392	13143	4756	2130	960	1667	11206	2479	2760	1320	2491	1379	817	1169	5052	1454	1092	2255	14821	3172	2247	2280	1192	872	922	1258	833	1265	11592	657	1146	319	534	5506	8692	20080	22326
p__Chloroflexi	101626	1379635	784792	14987	176565	28766	55640	2407	637	258163	748651	201606	39855	62245	7230	16567	13584	24779	34137	14714	3122	44746	7397	13739	7922	25055	17738	22819	17872	3856	8775	4153	38391	47001	22802	122031	7460	16575	5792	5323	6625	11115	10607	12163	34108	23834	73979	93297	32628	4861	2380	12580	21411	8281	88741	164986	9035	12772	5839	6076	14237	8914
p__Candidatus Yanofskybacteria	6	29	19	4	19	5	6	0	0	37	212	38	9	10	7	5	4	3	7	0	8	8	4	31	5	15	23	9	4	3	3	3	11	13	9	26	3	5	4	6	1	6	9	3	6	8	19	13	10	1	1	10	10	2	9	18	0	0	1	3	2	13
p__Cnidaria	37	236	145	27	51	15	32	198	0	42	141	42	40	61	145	609	212	286	752	258	162	318	159	783	865	198	584	100	65	171	1241	237	454	303	230	303	138	426	151	131	167	149	114	143	488	794	515	163	207	250	90	121	155	102	100	199	39	34	168	332	496	1264
p__Preplasmiviricota	0	1	70	0	2	0	0	0	0	0	0	1	1	13	1	0	1	0	3	14	0	1	0	2	0	2	0	2	1	0	0	0	5	2	0	3	0	1	0	3	0	3	11	1	6	4	6	7	0	2	0	1	203	1	0	1	0	0	0	2	9	2
p__Apicomplexa	2111	86	373	520	160	7	94	1422	1	30	73	186	68	137	86	452	150	784	7898	892	203	13569	2276	239	151	365	142	383	269	549	1281	196	17465	15438	3036	9004	765	1536	1429	978	222	168	885	185	4567	3012	3879	4601	1806	802	928	129	420	325	183	315	163	295	309	292	202	175
p__Candidatus Altiarchaeota	8	107	55	6	51	2	146	2	2	16	73	73	25	100	6	13	4	12	21	50	7	20	12	37	3	18	17	39	16	19	6	6	16	26	19	19	16	26	7	8	9	5	9	72	23	18	24	37	14	15	3	11	27	100	39	60	34	57	2	14	25	22
p__Oomycota	100	636	694	167	722	28	126	740	4	159	538	407	148	213	2473	3557	234	1746	1501	350	3475	1429	905	6369	4226	6564	9474	12507	11945	731	740	214	2601	1417	2641	1574	34364	751	1547	781	3870	2900	893	36861	1354	661	2054	836	948	6771	1837	41149	87379	83459	457	657	280	175	1300	10016	1958	10662
p__Armatimonadetes	801	7379	5664	202	2989	238	1689	189	14	1479	4706	4057	1005	1807	677	1413	766	1387	4165	684	225	2747	674	1246	759	928	792	1584	1889	422	1544	468	2828	2411	1580	5861	675	914	278	504	509	1349	1012	1718	2917	2358	5024	3461	1748	318	212	834	992	536	5359	3535	309	601	584	799	1253	1218
p__candidate division WOR-3	13	204	189	28	447	5	143	4	0	44	123	132	44	90	20	24	22	45	34	53	16	46	10	74	26	81	62	72	45	9	11	19	56	44	44	40	19	30	3	29	53	14	13	39	41	18	31	202	43	26	3	53	97	27	88	199	44	89	24	30	30	41
p__Phoronida	0	0	0	0	0	0	0	0	0	0	0	0	0	0	0	0	0	0	0	0	0	0	0	0	0	0	0	0	0	0	0	0	0	3	0	0	0	0	0	0	0	0	0	0	0	0	0	0	0	0	0	0	0	0	0	0	0	0	0	0	0	0
p__Ascomycota	7167	4399	10876	52970	18148	640	5030	117443	241	1209	3364	2301	69110	7515	101596	1027054	215695	2195753	1429992	266885	205719	1447453	439855	477995	83145	81337	42761	962144	584008	2162807	1616747	21423	2234704	2306550	2839883	2042690	3076922	997737	1719853	1026885	2616015	2874865	2381749	614873	1957546	679627	818949	1459587	1719642	4004927	1546024	1459321	309812	138965	975932	1358326	84242	39667	768378	69884	97276	13033
p__Dividoviricota	2	0	0	0	6	0	165	0	2	0	5	20	15	57	0	0	0	0	0	3	0	0	0	0	0	0	0	1	0	0	0	0	1	0	0	0	0	0	0	0	0	0	0	0	1	0	0	1	0	0	0	0	1	0	0	1	25	18	0	0	2	0
p__Candidatus Fraserbacteria	49	891	125	20	383	8	106	10	4	114	474	156	35	67	2	16	1	6	20	22	5	13	0	15	7	18	3	49	1	3	0	1	29	29	14	32	20	3	1	2	7	6	11	25	10	13	22	153	28	17	5	26	53	71	55	106	11	8	5	9	48	16
p__Candidatus Hydrogenedentes	65	641	549	36	230	31	229	47	0	165	578	423	96	304	148	170	205	89	107	76	110	240	69	289	307	308	136	311	335	20	38	136	239	263	143	242	101	43	45	67	89	77	84	122	111	102	303	283	110	123	29	128	255	386	157	210	45	35	1285	121	250	299
p__Candidatus Ratteibacteria	0	10	9	0	0	0	11	0	0	0	6	18	0	13	0	3	3	0	1	0	0	2	0	2	5	0	0	3	0	0	1	0	2	7	2	2	0	0	0	1	0	0	0	1	0	1	4	0	2	0	0	0	3	0	16	44	0	2	0	0	6	1
p__Candidatus Blackallbacteria	4	70	52	9	13	4	8	0	0	9	18	8	4	8	13	23	10	9	12	6	13	36	9	44	120	8	12	18	19	4	3	41	24	15	17	19	4	13	1	18	9	0	1	10	13	7	20	23	9	2	0	6	7	3	23	38	5	3	10	23	30	29
p__candidate division CPR2	0	2	7	0	40	2	3	3	0	1	1	14	3	2	1	5	2	0	0	1	0	3	0	3	0	0	0	1	4	0	3	0	2	0	0	1	0	0	0	2	0	0	0	2	0	1	2	13	10	0	0	5	3	0	0	2	0	0	0	3	0	2
